brsr_id,esrs_datapoint_id,rank,teacher_score,margin_to_next,candidate_universe,zero_shot
A18,S1-6_15,1,1.1564511060714722,0.13611865043640137,1201,True
A18,SBM-1_03,2,1.0203324556350708,0.320533812046051,1201,True
A18,S1-6_18,3,0.6997986435890198,0.01704198122024536,1201,True
A18,S1-7_08,4,0.6827566623687744,0.29032349586486816,1201,True
A18,S1-17_12,5,0.39243316650390625,0.041685909032821655,1201,True
A18,S1-6_01,6,0.3507472574710846,0.0328117311000824,1201,True
A18,S1-6_17,7,0.3179355263710022,0.04604479670524597,1201,True
A18,E1-9_39,8,0.2718907296657562,0.023689284920692444,1201,True
A18,E1-9_40,9,0.24820144474506378,0.003780543804168701,1201,True
A18,G1-5_02,10,0.24442090094089508,0.0073480308055877686,1201,True
A18,S1-1_02,11,0.2370728701353073,0.03535240888595581,1201,True
A18,E1-4_19,12,0.2017204612493515,0.011231750249862671,1201,True
A18,S3-1_08,13,0.19048871099948883,0.03699606657028198,1201,True
A18,S4-1_08,14,0.15349264442920685,0.022187024354934692,1201,True
A18,S2-1_10,15,0.13130562007427216,0.010282397270202637,1201,True
A18,S1-11_02,16,0.12102322280406952,0.03269732743501663,1201,True
A18,S1-6_07,17,0.08832589536905289,0.07598962262272835,1201,True
A18,SBM-3_08,18,0.01233627274632454,0.10463055595755577,1201,True
A18,S1-2_13,19,-0.09229428321123123,0.004563912749290466,1201,True
A18,G1-5_03,20,-0.0968581959605217,0.08195029944181442,1201,True
A18,SBM-3_09,21,-0.17880849540233612,0.018237456679344177,1201,True
A18,S1-11_03,22,-0.1970459520816803,0.023681432008743286,1201,True
A18,S1-17_06,23,-0.22072738409042358,0.01648879051208496,1201,True
A18,E5-6_02,24,-0.23721617460250854,0.0660005509853363,1201,True
A18,E1-9_23,25,-0.30321672558784485,0.0009805858135223389,1201,True
A18,E1-9_10,26,-0.3041973114013672,0.005773812532424927,1201,True
A18,S1-11_01,27,-0.3099711239337921,0.014463603496551514,1201,True
A18,S1-11_05,28,-0.32443472743034363,0.00012108683586120605,1201,True
A18,GOV-1_03,29,-0.32455581426620483,0.0007028281688690186,1201,True
A18,E1-9_18,30,-0.32525864243507385,0.02605605125427246,1201,True
A18,E1-9_38,31,-0.3513146936893463,0.01890939474105835,1201,True
A18,G1-5_08,32,-0.37022408843040466,0.01576569676399231,1201,True
A18,S1-15_04,33,-0.385989785194397,0.00222700834274292,1201,True
A18,MDR-A_07,34,-0.3882167935371399,0.016422897577285767,1201,True
A18,E1-9_13,35,-0.40463969111442566,0.01824951171875,1201,True
A18,S1-4_17,36,-0.42288920283317566,0.013926535844802856,1201,True
A18,SBM-3_11,37,-0.4368157386779785,0.005101591348648071,1201,True
A18,E4-6_06,38,-0.4419173300266266,0.006675392389297485,1201,True
A18,S1-11_04,39,-0.4485927224159241,0.0036001503467559814,1201,True
A18,S1-12_02,40,-0.45219287276268005,0.02174365520477295,1201,True
A18,S1-16_05,41,-0.473936527967453,0.01842653751373291,1201,True
A18,E1-1_05,42,-0.4923630654811859,0.02922263741493225,1201,True
A18,E1-1_06,43,-0.5215857028961182,0.0396079421043396,1201,True
A18,S1-11_08,44,-0.5611936450004578,0.022894442081451416,1201,True
A18,S3-4_16,45,-0.5840880870819092,0.01703667640686035,1201,True
A18,S1-7_09,46,-0.6011247634887695,0.002552211284637451,1201,True
A18,G1-4_08,47,-0.603676974773407,0.007259845733642578,1201,True
A18,S1-9_02,48,-0.6109368205070496,0.015973687171936035,1201,True
A18,S1-9_01,49,-0.6269105076789856,0.024619102478027344,1201,True
A18,S1-1_05,50,-0.6515296101570129,0.0036769509315490723,1201,True
A24,BP-2_23,1,4.528258800506592,0.2220606803894043,1201,True
A24,BP-2_25,2,4.3061981201171875,0.07570743560791016,1201,True
A24,G1.GOV-1_02,3,4.230490684509277,0.09131193161010742,1201,True
A24,BP-2_22,4,4.13917875289917,4.1484832763671875e-05,1201,True
A24,BP-2_26,5,4.139137268066406,0.0016646385192871094,1201,True
A24,G1.MDR-P_01-06,6,4.137472629547119,0.014086246490478516,1201,True
A24,IRO-1_06,7,4.123386383056641,0.07047843933105469,1201,True
A24,BP-2_27,8,4.052907943725586,0.01584482192993164,1201,True
A24,BP-2_24,9,4.037063121795654,0.006340980529785156,1201,True
A24,G1.GOV-1_01,10,4.030722141265869,0.00996541976928711,1201,True
A24,GOV-3_01,11,4.020756721496582,0.07813906669616699,1201,True
A24,SBM-2_12,12,3.942617654800415,0.07510805130004883,1201,True
A24,MDR-T_17,13,3.867509603500366,0.0250704288482666,1201,True
A24,GOV-1_17,14,3.8424391746520996,0.1645355224609375,1201,True
A24,IRO-2_02,15,3.677903652191162,0.011065959930419922,1201,True
A24,G1-1_08,16,3.666837692260742,0.05319857597351074,1201,True
A24,MDR-T_16,17,3.6136391162872314,0.09143686294555664,1201,True
A24,GOV-1_15,18,3.522202253341675,0.008375167846679688,1201,True
A24,SBM-1_21,19,3.513827085494995,0.027153491973876953,1201,True
A24,IRO-2_12,20,3.486673593521118,0.017800092697143555,1201,True
A24,GOV-2_03,21,3.4688735008239746,0.01141214370727539,1201,True
A24,SBM-1_22,22,3.457461357116699,0.015482664108276367,1201,True
A24,G1-2_02,23,3.441978693008423,0.0214841365814209,1201,True
A24,GOV-3_03,24,3.420494556427002,0.025063276290893555,1201,True
A24,GOV-2_01,25,3.3954312801361084,0.026163339614868164,1201,True
A24,E1-2_01,26,3.3692679405212402,0.0062103271484375,1201,True
A24,BP-2_19,27,3.3630576133728027,0.025063276290893555,1201,True
A24,SBM-3_10,28,3.337994337081909,0.0011513233184814453,1201,True
A24,G1-5_12,29,3.3368430137634277,0.003726959228515625,1201,True
A24,GOV-1_08,30,3.333116054534912,0.027302980422973633,1201,True
A24,GOV-5_01,31,3.3058130741119385,0.001924276351928711,1201,True
A24,SBM-1_23,32,3.3038887977600098,0.01446676254272461,1201,True
A24,G1-1_10,33,3.289422035217285,0.0034074783325195312,1201,True
A24,SBM-3_08,34,3.2860145568847656,0.0034847259521484375,1201,True
A24,GOV-1_16,35,3.282529830932617,0.10779738426208496,1201,True
A24,SBM-3_07,36,3.1747324466705322,0.03034520149230957,1201,True
A24,BP-1_03,37,3.1443872451782227,0.03505206108093262,1201,True
A24,E4-2_13,38,3.10933518409729,0.005439043045043945,1201,True
A24,E1-9_10,39,3.103896141052246,0.000766754150390625,1201,True
A24,SBM-3_03,40,3.1031293869018555,0.012403249740600586,1201,True
A24,GOV-3_04,41,3.090726137161255,0.008425235748291016,1201,True
A24,E1-9_12,42,3.082300901412964,0.025002479553222656,1201,True
A24,SBM-3_06,43,3.057298421859741,0.0006804466247558594,1201,True
A24,G1-5_01,44,3.0566179752349854,0.025786638259887695,1201,True
A24,GOV-4_01,45,3.0308313369750977,0.02007126808166504,1201,True
A24,GOV-5_04,46,3.0107600688934326,0.009083032608032227,1201,True
A24,BP-2_10,47,3.0016770362854004,0.004609584808349609,1201,True
A24,E5-6_02,48,2.997067451477051,0.0050220489501953125,1201,True
A24,SBM-3_02,49,2.9920454025268555,0.01548457145690918,1201,True
A24,IRO-2_13,50,2.9765608310699463,0.009682416915893555,1201,True
B1,G1-5_12,1,1.7702343463897705,0.5876652002334595,1201,True
B1,E2-1_02,2,1.182569146156311,0.10444140434265137,1201,True
B1,S1-1_14,3,1.0781277418136597,0.027377605438232422,1201,True
B1,S4-1_09,4,1.0507501363754272,0.02041912078857422,1201,True
B1,S2-1_11,5,1.030331015586853,0.030427515506744385,1201,True
B1,S3-1_09,6,0.9999035000801086,0.08514583110809326,1201,True
B1,E2-3_05,7,0.9147576689720154,0.07525819540023804,1201,True
B1,S1-1_07,8,0.8394994735717773,0.09212952852249146,1201,True
B1,S4-1_06,9,0.7473699450492859,0.0011338591575622559,1201,True
B1,S1-1_13,10,0.7462360858917236,0.009275734424591064,1201,True
B1,S2-1_08,11,0.7369603514671326,0.06157112121582031,1201,True
B1,S3-1_06,12,0.6753892302513123,0.10773015022277832,1201,True
B1,G1-1_12,13,0.5676590800285339,0.06472361087799072,1201,True
B1,SBM-3_12,14,0.5029354691505432,0.12193641066551208,1201,True
B1,MDR-P_06,15,0.38099905848503113,0.06609845161437988,1201,True
B1,E4-4_03,16,0.31490060687065125,0.03474739193916321,1201,True
B1,S1-1_11,17,0.28015321493148804,0.03077225387096405,1201,True
B1,S4-1_07,18,0.249380961060524,0.07359814643859863,1201,True
B1,S1-3_08,19,0.17578281462192535,9.801983833312988e-05,1201,True
B1,G1.MDR-P_01-06,20,0.17568479478359222,0.003687143325805664,1201,True
B1,E1-4_02,21,0.17199765145778656,0.06428661197423935,1201,True
B1,E5-1_03,22,0.10771103948354721,0.007097311317920685,1201,True
B1,S1.MDR-P_01-06,23,0.10061372816562653,0.007062479853630066,1201,True
B1,E4-2_14,24,0.09355124831199646,0.0275912806391716,1201,True
B1,E2-3_07,25,0.06595996767282486,0.05988981947302818,1201,True
B1,S1-1_01,26,0.006070148199796677,0.021560516208410263,1201,True
B1,GOV-2_01,27,-0.015490368008613586,0.0025126300752162933,1201,True
B1,E2-1_03,28,-0.01800299808382988,0.024298645555973053,1201,True
B1,E2-1_01,29,-0.04230164363980293,0.02380840852856636,1201,True
B1,S1-1_15,30,-0.0661100521683693,0.011672690510749817,1201,True
B1,E5.MDR-P_01-06,31,-0.07778274267911911,0.003191925585269928,1201,True
B1,E3-3_04,32,-0.08097466826438904,0.016283921897411346,1201,True
B1,S3-1_07,33,-0.09725859016180038,0.03267481178045273,1201,True
B1,S4-3_05,34,-0.1299334019422531,0.011544868350028992,1201,True
B1,E4-2_11,35,-0.1414782702922821,0.01258474588394165,1201,True
B1,S2-1_05,36,-0.15406301617622375,0.0382966548204422,1201,True
B1,S4.MDR-P_01-06,37,-0.19235967099666595,0.00795300304889679,1201,True
B1,E3-3_06,38,-0.20031267404556274,0.009865239262580872,1201,True
B1,S1-1_08,39,-0.21017791330814362,0.004495024681091309,1201,True
B1,S4-4_10,40,-0.21467293798923492,0.007261335849761963,1201,True
B1,E5-3_11,41,-0.2219342738389969,0.007952183485031128,1201,True
B1,S4-1_01,42,-0.22988645732402802,0.1477242261171341,1201,True
B1,MDR-P_02,43,-0.3776106834411621,0.014290004968643188,1201,True
B1,E3-1_11,44,-0.3919006884098053,0.025356829166412354,1201,True
B1,S2-1_09,45,-0.41725751757621765,0.01456502079963684,1201,True
B1,E5-1_04,46,-0.4318225383758545,0.023167133331298828,1201,True
B1,G1-3_05,47,-0.4549896717071533,0.019931942224502563,1201,True
B1,GOV-1_09,48,-0.4749216139316559,0.02384936809539795,1201,True
B1,SBM-1_23,49,-0.49877098202705383,0.022377818822860718,1201,True
B1,E4-2_09,50,-0.5211488008499146,0.033924400806427,1201,True
P1-E4,G1-3_08,1,4.447743892669678,0.05992746353149414,1201,True
P1-E4,G1-1_03,2,4.387816429138184,0.9253067970275879,1201,True
P1-E4,G1-3_06,3,3.4625096321105957,0.004133462905883789,1201,True
P1-E4,G1-1_04,4,3.458376169204712,0.6472728252410889,1201,True
P1-E4,G1-4_03,5,2.811103343963623,0.04238390922546387,1201,True
P1-E4,G1-3_05,6,2.768719434738159,0.30994439125061035,1201,True
P1-E4,G1-4_01,7,2.458775043487549,0.061192989349365234,1201,True
P1-E4,G1-4_08,8,2.3975820541381836,0.05826401710510254,1201,True
P1-E4,G1-1_11,9,2.339318037033081,0.33383679389953613,1201,True
P1-E4,G1-4_02,10,2.005481243133545,0.03535783290863037,1201,True
P1-E4,G1-3_01,11,1.9701234102249146,0.023737549781799316,1201,True
P1-E4,G1.MDR-A_01-12,12,1.9463858604431152,0.009935259819030762,1201,True
P1-E4,G1-3_02,13,1.9364506006240845,0.007778286933898926,1201,True
P1-E4,G1-3_04,14,1.9286723136901855,0.7487144470214844,1201,True
P1-E4,G1-4_05,15,1.1799578666687012,0.05701625347137451,1201,True
P1-E4,G1-5_12,16,1.1229416131973267,0.17525964975357056,1201,True
P1-E4,G1-4_04,17,0.9476819634437561,0.06004011631011963,1201,True
P1-E4,G1-1_12,18,0.8876418471336365,0.07391625642776489,1201,True
P1-E4,G1-4_07,19,0.8137255907058716,0.05935031175613403,1201,True
P1-E4,G1-4_06,20,0.7543752789497375,0.014084577560424805,1201,True
P1-E4,S3-1_09,21,0.7402907013893127,0.022853851318359375,1201,True
P1-E4,S4-1_09,22,0.7174368500709534,0.011236608028411865,1201,True
P1-E4,S1-1_14,23,0.7062002420425415,0.01631927490234375,1201,True
P1-E4,S2-1_11,24,0.6898809671401978,1.130723625421524,1201,True
P1-E4,S3.MDR-P_07-08,25,-0.4408426582813263,0.007846295833587646,1201,True
P1-E4,S2.MDR-P_07-08,26,-0.44868895411491394,0.01280742883682251,1201,True
P1-E4,S1.MDR-P_07-08,27,-0.46149638295173645,0.0026475191116333008,1201,True
P1-E4,S4.MDR-P_07-08,28,-0.46414390206336975,0.00044289231300354004,1201,True
P1-E4,G1.MDR-P_07-08,29,-0.4645867943763733,0.010649502277374268,1201,True
P1-E4,E4.MDR-P_07-08,30,-0.47523629665374756,0.019959360361099243,1201,True
P1-E4,E2.MDR-P_07-08,31,-0.4951956570148468,0.0032592415809631348,1201,True
P1-E4,E1.MDR-P_07-08,32,-0.49845489859580994,0.017441600561141968,1201,True
P1-E4,E5.MDR-P_07-08,33,-0.5158964991569519,0.027585387229919434,1201,True
P1-E4,E3.MDR-P_07-08,34,-0.5434818863868713,0.09750568866729736,1201,True
P1-E4,MDR-P_02,35,-0.6409875750541687,0.040744781494140625,1201,True
P1-E4,E4-2_11,36,-0.6817323565483093,0.06603503227233887,1201,True
P1-E4,S1-3_09,37,-0.7477673888206482,0.02326446771621704,1201,True
P1-E4,S4-3_06,38,-0.7710318565368652,0.047541141510009766,1201,True
P1-E4,S2-3_06,39,-0.818572998046875,0.030512213706970215,1201,True
P1-E4,S3-3_15,40,-0.8490852117538452,0.01500779390335083,1201,True
P1-E4,S1-1_11,41,-0.864093005657196,0.01885044574737549,1201,True
P1-E4,MDR-P_01,42,-0.8829434514045715,0.01103883981704712,1201,True
P1-E4,S1.MDR-P_01-06,43,-0.8939822912216187,0.04084676504135132,1201,True
P1-E4,SBM-3_12,44,-0.93482905626297,0.0506514310836792,1201,True
P1-E4,S3.MDR-A_13-14,45,-0.9854804873466492,0.0071904659271240234,1201,True
P1-E4,S1.MDR-A_13-14,46,-0.9926709532737732,0.0037685632705688477,1201,True
P1-E4,S2.MDR-A_13-14,47,-0.996439516544342,0.007652103900909424,1201,True
P1-E4,S4.MDR-A_13-14,48,-1.0040916204452515,0.003827691078186035,1201,True
P1-E4,G1.MDR-A_13-14,49,-1.0079193115234375,0.015106439590454102,1201,True
P1-E4,G1.MDR-P_01-06,50,-1.0230257511138916,0.0002683401107788086,1201,True
P2-E3,E5-1_03,1,1.966446876525879,0.389870285987854,1201,True
P2-E3,E5-5_18,2,1.576576590538025,0.14865779876708984,1201,True
P2-E3,S4-4_07,3,1.427918791770935,0.627733051776886,1201,True
P2-E3,IRO-1_07,4,0.8001857399940491,0.18917769193649292,1201,True
P2-E3,IRO-1_05,5,0.6110080480575562,0.08733505010604858,1201,True
P2-E3,S3-4_07,6,0.5236729979515076,0.06609612703323364,1201,True
P2-E3,MDR-T_17,7,0.4575768709182739,0.001409977674484253,1201,True
P2-E3,IRO-1_02,8,0.4561668932437897,0.02686774730682373,1201,True
P2-E3,S1-4_05,9,0.42929914593696594,0.027013123035430908,1201,True
P2-E3,S4-4_03,10,0.40228602290153503,0.1377328634262085,1201,True
P2-E3,IRO-1_15,11,0.26455315947532654,0.006934523582458496,1201,True
P2-E3,S2-4_07,12,0.25761863589286804,0.022842079401016235,1201,True
P2-E3,S3-4_05,13,0.2347765564918518,0.16868768632411957,1201,True
P2-E3,IRO-1_01,14,0.06608887016773224,0.00434291735291481,1201,True
P2-E3,IRO-1_11,15,0.06174595281481743,0.006415039300918579,1201,True
P2-E3,S2-4_05,16,0.05533091351389885,0.019105378538370132,1201,True
P2-E3,S4-3_01,17,0.03622553497552872,0.07155894115567207,1201,True
P2-E3,BP-2_26,18,-0.035333406180143356,0.0003865845501422882,1201,True
P2-E3,IRO-1_03,19,-0.035719990730285645,0.044296808540821075,1201,True
P2-E3,IRO-1_13,20,-0.08001679927110672,0.062217287719249725,1201,True
P2-E3,IRO-1_04,21,-0.14223408699035645,0.24461820721626282,1201,True
P2-E3,E1.SBM-3_02,22,-0.38685229420661926,0.015281736850738525,1201,True
P2-E3,IRO-1_06,23,-0.4021340310573578,0.014033734798431396,1201,True
P2-E3,S4-4_01,24,-0.4161677658557892,0.08652344346046448,1201,True
P2-E3,E1.SBM-3_06,25,-0.5026912093162537,0.02234405279159546,1201,True
P2-E3,E2-4_10,26,-0.5250352621078491,0.10781389474868774,1201,True
P2-E3,S4-3_07,27,-0.6328491568565369,0.026644647121429443,1201,True
P2-E3,S4-2_07,28,-0.6594938039779663,0.009743809700012207,1201,True
P2-E3,IRO-1_14,29,-0.6692376136779785,0.06181168556213379,1201,True
P2-E3,S4-4_06,30,-0.7310492992401123,0.007104754447937012,1201,True
P2-E3,E5-5_01,31,-0.7381540536880493,0.0036026835441589355,1201,True
P2-E3,IRO-1_12,32,-0.7417567372322083,0.008782744407653809,1201,True
P2-E3,GOV-5_01,33,-0.7505394816398621,0.0026294589042663574,1201,True
P2-E3,S3-3_12,34,-0.7531689405441284,0.01183164119720459,1201,True
P2-E3,E1.IRO-1_18,35,-0.765000581741333,0.028934895992279053,1201,True
P2-E3,S1-3_06,36,-0.7939354777336121,0.0017526745796203613,1201,True
P2-E3,E1.IRO-1_02,37,-0.7956881523132324,0.022942721843719482,1201,True
P2-E3,E1.IRO-1_17,38,-0.8186308741569519,0.012973904609680176,1201,True
P2-E3,S4-3_03,39,-0.8316047787666321,0.021134555339813232,1201,True
P2-E3,S4-4_09,40,-0.8527393341064453,0.008230149745941162,1201,True
P2-E3,GOV-5_04,41,-0.8609694838523865,0.007684528827667236,1201,True
P2-E3,S4-4_17,42,-0.8686540126800537,0.0528300404548645,1201,True
P2-E3,S4-2_08,43,-0.9214840531349182,0.006035983562469482,1201,True
P2-E3,GOV-4_01,44,-0.9275200366973877,0.0011759400367736816,1201,True
P2-E3,E1.IRO-1_09,45,-0.9286959767341614,0.002739548683166504,1201,True
P2-E3,S2-3_03,46,-0.9314355254173279,0.012288928031921387,1201,True
P2-E3,S4-4_16,47,-0.9437244534492493,0.011191010475158691,1201,True
P2-E3,S4-4_05,48,-0.954915463924408,0.01638650894165039,1201,True
P2-E3,E5-6_05,49,-0.9713019728660583,0.007982850074768066,1201,True
P2-E3,S3-4_03,50,-0.9792848229408264,0.033778488636016846,1201,True
P3-E12,BP-2_26,1,3.940220355987549,0.010127544403076172,1201,True
P3-E12,S1-1_18,2,3.9300928115844727,0.030218124389648438,1201,True
P3-E12,S1-4_19,3,3.899874687194824,0.19909167289733887,1201,True
P3-E12,E3-1_11,4,3.7007830142974854,0.37183594703674316,1201,True
P3-E12,SBM-3_02,5,3.328947067260742,0.04167294502258301,1201,True
P3-E12,S3-4_07,6,3.287274122238159,0.028521060943603516,1201,True
P3-E12,S1-4_01,7,3.2587530612945557,0.006529331207275391,1201,True
P3-E12,E4.IRO-1_09,8,3.2522237300872803,0.04375314712524414,1201,True
P3-E12,E1.SBM-3_02,9,3.208470582962036,0.009116411209106445,1201,True
P3-E12,GOV-5_02,10,3.1993541717529297,0.11476850509643555,1201,True
P3-E12,GOV-5_03,11,3.084585666656494,0.0019135475158691406,1201,True
P3-E12,S4-4_07,12,3.082672119140625,0.0009748935699462891,1201,True
P3-E12,S1.SBM-3_05,13,3.0816972255706787,0.01311802864074707,1201,True
P3-E12,IRO-1_14,14,3.0685791969299316,0.0006964206695556641,1201,True
P3-E12,SBM-3_01,15,3.067882776260376,0.0019249916076660156,1201,True
P3-E12,E2-4_09,16,3.06595778465271,0.018404245376586914,1201,True
P3-E12,E1.SBM-3_06,17,3.047553539276123,0.015291213989257812,1201,True
P3-E12,E5-2_05,18,3.0322623252868652,0.009055137634277344,1201,True
P3-E12,S2-4_07,19,3.023207187652588,0.03164315223693848,1201,True
P3-E12,SBM-2_02,20,2.9915640354156494,0.013916730880737305,1201,True
P3-E12,IRO-1_07,21,2.977647304534912,0.041349172592163086,1201,True
P3-E12,S3-4_01,22,2.936298131942749,0.03220176696777344,1201,True
P3-E12,GOV-5_05,23,2.9040963649749756,0.0010025501251220703,1201,True
P3-E12,S1.MDR-P_01-06,24,2.9030938148498535,0.025301456451416016,1201,True
P3-E12,MDR-P_02,25,2.8777923583984375,0.046861886978149414,1201,True
P3-E12,E1-7_16,26,2.830930471420288,0.0016732215881347656,1201,True
P3-E12,BP-2_25,27,2.8292572498321533,0.006744384765625,1201,True
P3-E12,MDR-T_17,28,2.8225128650665283,0.03661155700683594,1201,True
P3-E12,IRO-1_01,29,2.7859013080596924,0.0299685001373291,1201,True
P3-E12,SBM-1_26,30,2.7559328079223633,0.013523340225219727,1201,True
P3-E12,G1.MDR-P_01-06,31,2.7424094676971436,0.002894163131713867,1201,True
P3-E12,G1-5_12,32,2.7395153045654297,0.013080120086669922,1201,True
P3-E12,IRO-1_02,33,2.7264351844787598,0.012492179870605469,1201,True
P3-E12,S1-14_11,34,2.7139430046081543,0.0058133602142333984,1201,True
P3-E12,E1-4_20,35,2.708129644393921,0.012054204940795898,1201,True
P3-E12,G1-1_02,36,2.696075439453125,0.02616143226623535,1201,True
P3-E12,MDR-T_05,37,2.6699140071868896,0.030528545379638672,1201,True
P3-E12,E3-4_07,38,2.639385461807251,0.027112483978271484,1201,True
P3-E12,S1-4_03,39,2.6122729778289795,0.0010192394256591797,1201,True
P3-E12,E4.IRO-1_16,40,2.6112537384033203,0.020113229751586914,1201,True
P3-E12,IRO-1_09,41,2.5911405086517334,0.004359245300292969,1201,True
P3-E12,BP-2_09,42,2.5867812633514404,0.005403757095336914,1201,True
P3-E12,E5-6_05,43,2.5813775062561035,0.007834911346435547,1201,True
P3-E12,E1.SBM-3_03,44,2.573542594909668,0.0009138584136962891,1201,True
P3-E12,S1-4_04,45,2.5726287364959717,0.009873390197753906,1201,True
P3-E12,G1-1_05,46,2.5627553462982178,0.01323390007019043,1201,True
P3-E12,S1-4_05,47,2.5495214462280273,0.016275882720947266,1201,True
P3-E12,MDR-A_04,48,2.53324556350708,0.01211404800415039,1201,True
P3-E12,S2-3_10,49,2.5211315155029297,0.014797687530517578,1201,True
P3-E12,E2-3_05,50,2.506333827972412,0.010732889175415039,1201,True
P3-E15,S3-4_01,1,8.220998764038086,0.007426261901855469,1201,True
P3-E15,S3-4_08,2,8.21357250213623,0.005833625793457031,1201,True
P3-E15,SBM-3_06,3,8.207738876342773,0.013749122619628906,1201,True
P3-E15,S1-4_06,4,8.193989753723145,0.016315460205078125,1201,True
P3-E15,S4-4_08,5,8.177674293518066,0.018014907836914062,1201,True
P3-E15,S1-4_02,6,8.159659385681152,0.03493499755859375,1201,True
P3-E15,S3-3_11,7,8.124724388122559,0.009351730346679688,1201,True
P3-E15,S1-4_01,8,8.115372657775879,0.0056819915771484375,1201,True
P3-E15,S1-17_13,9,8.10969066619873,0.005263328552246094,1201,True
P3-E15,E1-6_16,10,8.104427337646484,0.01620006561279297,1201,True
P3-E15,E1-9_39,11,8.088227272033691,0.0017547607421875,1201,True
P3-E15,SBM-3_11,12,8.086472511291504,0.010168075561523438,1201,True
P3-E15,E1-9_40,13,8.07630443572998,0.0009517669677734375,1201,True
P3-E15,S1-3_06,14,8.075352668762207,0.0015745162963867188,1201,True
P3-E15,GOV-1_09,15,8.07377815246582,0.0033445358276367188,1201,True
P3-E15,S1-2_13,16,8.070433616638184,0.0059051513671875,1201,True
P3-E15,S1-2_10,17,8.064528465270996,0.000621795654296875,1201,True
P3-E15,E1-9_05,18,8.0639066696167,0.0040340423583984375,1201,True
P3-E15,MDR-A_14,19,8.0598726272583,0.0022792816162109375,1201,True
P3-E15,S1-2_04,20,8.05759334564209,0.0023250579833984375,1201,True
P3-E15,E1-4_19,21,8.055268287658691,0.006572723388671875,1201,True
P3-E15,S3-2_04,22,8.04869556427002,0.0027647018432617188,1201,True
P3-E15,S3-3_12,23,8.045930862426758,0.0027856826782226562,1201,True
P3-E15,S4-4_01,24,8.043145179748535,0.000423431396484375,1201,True
P3-E15,S4-3_01,25,8.04272174835205,0.0009593963623046875,1201,True
P3-E15,S2-4_08,26,8.041762351989746,1.9073486328125e-05,1201,True
P3-E15,E4-4_10,27,8.041743278503418,0.0008192062377929688,1201,True
P3-E15,SBM-3_03,28,8.040924072265625,0.0013589859008789062,1201,True
P3-E15,S4-2_04,29,8.039565086364746,4.38690185546875e-05,1201,True
P3-E15,S1-4_12,30,8.039521217346191,0.0019092559814453125,1201,True
P3-E15,S4-3_02,31,8.037611961364746,0.00025653839111328125,1201,True
P3-E15,E1-9_06,32,8.037355422973633,0.006119728088378906,1201,True
P3-E15,MDR-P_08,33,8.031235694885254,0.0013484954833984375,1201,True
P3-E15,S2-2_04,34,8.029887199401855,0.0056476593017578125,1201,True
P3-E15,S3-3_10,35,8.024239540100098,0.00673675537109375,1201,True
P3-E15,S1-4_13,36,8.017502784729004,0.000457763671875,1201,True
P3-E15,S1-3_02,37,8.017045021057129,0.00080108642578125,1201,True
P3-E15,S4-3_03,38,8.016243934631348,0.000194549560546875,1201,True
P3-E15,BP-2_12,39,8.0160493850708,0.006968498229980469,1201,True
P3-E15,S1-2_14,40,8.00908088684082,0.00031280517578125,1201,True
P3-E15,MDR-A_04,41,8.008768081665039,0.0020771026611328125,1201,True
P3-E15,S2-3_03,42,8.006690979003906,0.0008115768432617188,1201,True
P3-E15,S3.SBM-3_07,43,8.005879402160645,0.014704704284667969,1201,True
P3-E15,E4-5_18,44,7.991174697875977,0.006144046783447266,1201,True
P3-E15,S1.SBM-3_12,45,7.985030651092529,0.0030503273010253906,1201,True
P3-E15,BP-2_13,46,7.981980323791504,0.000720977783203125,1201,True
P3-E15,S1-3_10,47,7.981259346008301,0.003612518310546875,1201,True
P3-E15,S4.SBM-3_08,48,7.977646827697754,0.006411075592041016,1201,True
P3-E15,S1-4_11,49,7.971235752105713,0.00012063980102539062,1201,True
P3-E15,S1-6_16,50,7.9711151123046875,0.0022420883178710938,1201,True
P3-E3,S2-3_10,1,4.039528846740723,0.04662203788757324,1201,True
P3-E3,S1-1_18,2,3.9929068088531494,0.10877180099487305,1201,True
P3-E3,S1-3_03,3,3.8841350078582764,0.524456262588501,1201,True
P3-E3,S1-3_04,4,3.3596787452697754,0.23650312423706055,1201,True
P3-E3,S1-2_12,5,3.123175621032715,0.2662825584411621,1201,True
P3-E3,S4-3_10,6,2.8568930625915527,0.26741981506347656,1201,True
P3-E3,S3-3_19,7,2.589473247528076,0.23235774040222168,1201,True
P3-E3,S2-3_09,8,2.3571155071258545,0.3620140552520752,1201,True
P3-E3,S1-11_03,9,1.9951014518737793,0.07770025730133057,1201,True
P3-E3,S4-3_09,10,1.9174011945724487,0.0866696834564209,1201,True
P3-E3,S1-12_02,11,1.8307315111160278,0.02204263210296631,1201,True
P3-E3,S1-12_01,12,1.8086888790130615,0.052631497383117676,1201,True
P3-E3,E4-5_12,13,1.7560573816299438,0.023287653923034668,1201,True
P3-E3,GOV-1_03,14,1.7327697277069092,0.02107703685760498,1201,True
P3-E3,S1-7_09,15,1.7116926908493042,0.04389643669128418,1201,True
P3-E3,S1-11_02,16,1.66779625415802,0.0014612674713134766,1201,True
P3-E3,S1-1_04,17,1.6663349866867065,0.028261899948120117,1201,True
P3-E3,S1-5_03,18,1.6380730867385864,0.02583622932434082,1201,True
P3-E3,S1-2_02,19,1.6122368574142456,0.025428295135498047,1201,True
P3-E3,S1-11_01,20,1.5868085622787476,0.008948564529418945,1201,True
P3-E3,S1-2_07,21,1.5778599977493286,0.006218433380126953,1201,True
P3-E3,S4-1_07,22,1.5716415643692017,0.01309049129486084,1201,True
P3-E3,S1-2_13,23,1.5585510730743408,0.0008903741836547852,1201,True
P3-E3,S1-1_05,24,1.557660698890686,0.023960471153259277,1201,True
P3-E3,S1-6_08,25,1.5337002277374268,0.008153676986694336,1201,True
P3-E3,S2-1_09,26,1.5255465507507324,0.034278273582458496,1201,True
P3-E3,E4-5_13,27,1.491268277168274,0.009332656860351562,1201,True
P3-E3,S3-3_18,28,1.4819356203079224,0.0064547061920166016,1201,True
P3-E3,S1-7_03,29,1.4754809141159058,0.021366357803344727,1201,True
P3-E3,S1-4_16,30,1.454114556312561,0.014827370643615723,1201,True
P3-E3,S2-3_12,31,1.4392871856689453,0.028101682662963867,1201,True
P3-E3,S1-17_10,32,1.4111855030059814,0.0032390356063842773,1201,True
P3-E3,S1-3_05,33,1.4079464673995972,0.045775651931762695,1201,True
P3-E3,S1.SBM-3_02,34,1.3621708154678345,0.006645917892456055,1201,True
P3-E3,S2-2_07,35,1.3555248975753784,0.0007240772247314453,1201,True
P3-E3,S1-11_05,36,1.354800820350647,0.006863236427307129,1201,True
P3-E3,S1-5_01,37,1.3479375839233398,0.013122916221618652,1201,True
P3-E3,S2-1_02,38,1.3348146677017212,0.003093719482421875,1201,True
P3-E3,S1-8_06,39,1.3317209482192993,0.0021371841430664062,1201,True
P3-E3,S1-7_04,40,1.329583764076233,0.01914083957672119,1201,True
P3-E3,S1-1_12,41,1.3104429244995117,0.02128732204437256,1201,True
P3-E3,S4-3_12,42,1.2891556024551392,0.006211996078491211,1201,True
P3-E3,S1-8_05,43,1.282943606376648,0.0028159618377685547,1201,True
P3-E3,S3-1_07,44,1.2801276445388794,0.007632136344909668,1201,True
P3-E3,S1.SBM-3_04,45,1.2724955081939697,0.0122603178024292,1201,True
P3-E3,S1-4_17,46,1.2602351903915405,0.001848459243774414,1201,True
P3-E3,S1-6_16,47,1.2583867311477661,0.0172806978225708,1201,True
P3-E3,S1-2_11,48,1.2411060333251953,0.010178327560424805,1201,True
P3-E3,S1-6_02,49,1.2309277057647705,0.013593435287475586,1201,True
P3-E3,S1-2_05,50,1.217334270477295,0.017085790634155273,1201,True
P4-L3,S4-4_14,1,3.4921481609344482,0.007779359817504883,1201,True
P4-L3,S3-4_14,2,3.4843688011169434,0.016694307327270508,1201,True
P4-L3,SBM-2_05,3,3.467674493789673,0.01596999168395996,1201,True
P4-L3,S1-2_07,4,3.451704502105713,0.028552532196044922,1201,True
P4-L3,S2-4_14,5,3.423151969909668,0.04114127159118652,1201,True
P4-L3,S3-2_06,6,3.3820106983184814,0.02624797821044922,1201,True
P4-L3,S1-2_10,7,3.3557627201080322,0.004429340362548828,1201,True
P4-L3,S1-1_12,8,3.3513333797454834,0.029077529907226562,1201,True
P4-L3,S3-3_11,9,3.322255849838257,0.038060903549194336,1201,True
P4-L3,S3-2_07,10,3.2841949462890625,0.004737377166748047,1201,True
P4-L3,S3-1_04,11,3.2794575691223145,0.10693788528442383,1201,True
P4-L3,S4-2_06,12,3.1725196838378906,0.024468183517456055,1201,True
P4-L3,S3-2_05,13,3.1480515003204346,0.012542963027954102,1201,True
P4-L3,MDR-A_04,14,3.1355085372924805,0.02663564682006836,1201,True
P4-L3,S1-2_14,15,3.108872890472412,0.1104745864868164,1201,True
P4-L3,E4-1_06,16,2.9983983039855957,0.12302660942077637,1201,True
P4-L3,S3-2_02,17,2.8753716945648193,0.018042564392089844,1201,True
P4-L3,SBM-2_06,18,2.8573291301727295,0.04995083808898926,1201,True
P4-L3,SBM-2_01,19,2.8073782920837402,0.03832864761352539,1201,True
P4-L3,S1-17_13,20,2.769049644470215,0.07037591934204102,1201,True
P4-L3,S3-4_01,21,2.698673725128174,0.061482906341552734,1201,True
P4-L3,SBM-2_03,22,2.637190818786621,0.08378028869628906,1201,True
P4-L3,S1-2_11,23,2.553410530090332,0.08890175819396973,1201,True
P4-L3,S1-3_02,24,2.4645087718963623,0.0025632381439208984,1201,True
P4-L3,S4-1_04,25,2.4619455337524414,0.08037281036376953,1201,True
P4-L3,S3-5_03,26,2.381572723388672,0.09054279327392578,1201,True
P4-L3,S4-3_02,27,2.291029930114746,0.14301824569702148,1201,True
P4-L3,SBM-2_04,28,2.1480116844177246,0.1626749038696289,1201,True
P4-L3,S3-2_09,29,1.9853367805480957,0.019533276557922363,1201,True
P4-L3,S1-1_05,30,1.9658035039901733,0.015909671783447266,1201,True
P4-L3,S1-2_06,31,1.949893832206726,0.0010371208190917969,1201,True
P4-L3,S1-2_02,32,1.9488567113876343,0.014983654022216797,1201,True
P4-L3,S2-2_07,33,1.9338730573654175,0.08158349990844727,1201,True
P4-L3,S4-2_05,34,1.8522895574569702,0.062530517578125,1201,True
P4-L3,BP-2_26,35,1.7897590398788452,0.025452017784118652,1201,True
P4-L3,IRO-1_05,36,1.7643070220947266,0.010729670524597168,1201,True
P4-L3,S3-4_06,37,1.7535773515701294,0.03573203086853027,1201,True
P4-L3,S1-4_01,38,1.7178453207015991,0.02972257137298584,1201,True
P4-L3,S1-4_02,39,1.6881227493286133,0.08432483673095703,1201,True
P4-L3,S3-3_10,40,1.6037979125976562,0.0531390905380249,1201,True
P4-L3,E4-3_10,41,1.5506588220596313,0.058852553367614746,1201,True
P4-L3,GOV-2_01,42,1.4918062686920166,0.0407642126083374,1201,True
P4-L3,GOV-2_03,43,1.4510420560836792,0.0026732683181762695,1201,True
P4-L3,E4-1_18,44,1.448368787765503,0.020491957664489746,1201,True
P4-L3,SBM-2_07,45,1.4278768301010132,0.03632783889770508,1201,True
P4-L3,S4-2_02,46,1.391548991203308,0.018683910369873047,1201,True
P4-L3,S4-4_02,47,1.372865080833435,0.03492474555969238,1201,True
P4-L3,S3-5_01,48,1.3379403352737427,0.04667258262634277,1201,True
P4-L3,S3.MDR-A_01-12,49,1.2912677526474,0.014342904090881348,1201,True
P4-L3,S4-4_06,50,1.2769248485565186,0.0008492469787597656,1201,True
P5-E10,S1-4_06,1,3.987142562866211,0.09139537811279297,1201,True
P5-E10,S3-4_08,2,3.895747184753418,0.13159489631652832,1201,True
P5-E10,S4-4_08,3,3.7641522884368896,0.4740307331085205,1201,True
P5-E10,S2-4_08,4,3.290121555328369,0.09289765357971191,1201,True
P5-E10,S3-4_01,5,3.1972239017486572,0.36620068550109863,1201,True
P5-E10,S1-4_01,6,2.8310232162475586,0.3614511489868164,1201,True
P5-E10,S4-4_01,7,2.469572067260742,0.0012688636779785156,1201,True
P5-E10,BP-2_26,8,2.4683032035827637,0.41991090774536133,1201,True
P5-E10,MDR-A_04,9,2.0483922958374023,0.08108651638031006,1201,True
P5-E10,S1-17_13,10,1.9673057794570923,0.21483492851257324,1201,True
P5-E10,S3-4_09,11,1.752470850944519,0.08063006401062012,1201,True
P5-E10,GOV-2_01,12,1.671840786933899,0.019138455390930176,1201,True
P5-E10,S1-4_02,13,1.6527023315429688,0.05277907848358154,1201,True
P5-E10,S4-4_09,14,1.5999232530593872,0.04102158546447754,1201,True
P5-E10,S1-4_07,15,1.5589016675949097,0.1759200096130371,1201,True
P5-E10,E4-1_18,16,1.3829816579818726,0.036618590354919434,1201,True
P5-E10,E1-9_39,17,1.3463630676269531,0.054732441902160645,1201,True
P5-E10,S2-4_01,18,1.2916306257247925,0.009472846984863281,1201,True
P5-E10,S4-4_02,19,1.2821577787399292,0.03166556358337402,1201,True
P5-E10,GOV-2_03,20,1.2504922151565552,0.10547232627868652,1201,True
P5-E10,S3-4_02,21,1.1450198888778687,0.004971504211425781,1201,True
P5-E10,E1-9_40,22,1.1400483846664429,0.18727827072143555,1201,True
P5-E10,SBM-3_03,23,0.9527701139450073,0.02284705638885498,1201,True
P5-E10,SBM-3_08,24,0.9299230575561523,0.041697800159454346,1201,True
P5-E10,S3-3_11,25,0.888225257396698,0.14984291791915894,1201,True
P5-E10,Disclosures to be reported in case the undertaking has not adopted policies and/or actions or set any measurable outcome-oriented targets [see chapter 4.2 MDR - ESRS 2],26,0.7383823394775391,0.0030272603034973145,1201,True
P5-E10,E5-6_02,27,0.7353550791740417,0.0378682017326355,1201,True
P5-E10,E1-9_19,28,0.6974868774414062,0.006623029708862305,1201,True
P5-E10,E5.IRO-1_01,29,0.690863847732544,0.07298630475997925,1201,True
P5-E10,SBM-3_02,30,0.6178775429725647,0.04574453830718994,1201,True
P5-E10,E5-6_04,31,0.5721330046653748,0.030402421951293945,1201,True
P5-E10,GOV-1_09,32,0.5417305827140808,0.009459972381591797,1201,True
P5-E10,S1-2_07,33,0.532270610332489,0.00015532970428466797,1201,True
P5-E10,S1-3_02,34,0.5321152806282043,0.026484012603759766,1201,True
P5-E10,E1-9_11,35,0.5056312680244446,0.029211193323135376,1201,True
P5-E10,E1-9_10,36,0.4764200747013092,0.02098792791366577,1201,True
P5-E10,S3-3_10,37,0.45543214678764343,0.05516672134399414,1201,True
P5-E10,GOV-5_05,38,0.4002654254436493,0.0074634850025177,1201,True
P5-E10,E1-3_06,39,0.3928019404411316,0.08938264846801758,1201,True
P5-E10,S2-4_09,40,0.303419291973114,0.01329842209815979,1201,True
P5-E10,S4-2_06,41,0.2901208698749542,0.007127135992050171,1201,True
P5-E10,S3-4_05,42,0.28299373388290405,0.005840003490447998,1201,True
P5-E10,E5-6_01,43,0.27715373039245605,0.030743703246116638,1201,True
P5-E10,S4-4_05,44,0.24641002714633942,0.015485212206840515,1201,True
P5-E10,S1-4_10,45,0.2309248149394989,0.026649579405784607,1201,True
P5-E10,S3-2_06,46,0.2042752355337143,0.0009253323078155518,1201,True
P5-E10,E2-6_11,47,0.20334990322589874,0.03291594982147217,1201,True
P5-E10,S4-3_01,48,0.17043395340442657,0.03838774561882019,1201,True
P5-E10,E1-6_16,49,0.13204620778560638,0.035978563129901886,1201,True
P5-E10,S1-3_01,50,0.0960676446557045,0.03677166998386383,1201,True
P5-E5,S1-3_05,1,3.0866243839263916,0.7280194759368896,1201,True
P5-E5,S1-1_21,2,2.358604907989502,0.46919095516204834,1201,True
P5-E5,G1-1_02,3,1.8894139528274536,1.8002646788954735,1201,True
P5-E5,S1-17_07,4,0.08914927393198013,0.2613016590476036,1201,True
P5-E5,IRO-1_11,5,-0.17215238511562347,1.3818512111902237,1201,True
P5-E5,S3-4_19,6,-1.5540035963058472,0.0184553861618042,1201,True
P5-E5,S1-4_20,7,-1.5724589824676514,0.06578719615936279,1201,True
P5-E5,S2-4_18,8,-1.6382461786270142,0.023921489715576172,1201,True
P5-E5,S2-3_11,9,-1.6621676683425903,0.0600278377532959,1201,True
P5-E5,S3-3_20,10,-1.7221955060958862,0.08160078525543213,1201,True
P5-E5,S4-4_18,11,-1.8037962913513184,0.016923069953918457,1201,True
P5-E5,S1-17_12,12,-1.8207193613052368,0.06821799278259277,1201,True
P5-E5,S4-3_11,13,-1.8889373540878296,0.1423860788345337,1201,True
P5-E5,S3-3_19,14,-2.0313234329223633,0.22438716888427734,1201,True
P5-E5,S2-3_10,15,-2.2557106018066406,0.06721210479736328,1201,True
P5-E5,IRO-1_05,16,-2.322922706604004,0.037255287170410156,1201,True
P5-E5,S3-1_05,17,-2.360177993774414,0.07665586471557617,1201,True
P5-E5,S4-1_05,18,-2.4368338584899902,0.0032753944396972656,1201,True
P5-E5,S2-1_04,19,-2.4401092529296875,0.0379176139831543,1201,True
P5-E5,S1-1_06,20,-2.478026866912842,0.18845462799072266,1201,True
P5-E5,G1-3_01,21,-2.6664814949035645,0.04508686065673828,1201,True
P5-E5,S1-3_03,22,-2.7115683555603027,0.11104130744934082,1201,True
P5-E5,S1-1_10,23,-2.8226096630096436,0.045780181884765625,1201,True
P5-E5,S4-3_10,24,-2.868389844894409,0.05682015419006348,1201,True
P5-E5,S3-4_11,25,-2.9252099990844727,0.013287067413330078,1201,True
P5-E5,S4-4_11,26,-2.9384970664978027,0.11586928367614746,1201,True
P5-E5,S3-4_07,27,-3.05436635017395,0.03126692771911621,1201,True
P5-E5,GOV-2_04,28,-3.0856332778930664,0.13659143447875977,1201,True
P5-E5,GOV-5_05,29,-3.222224712371826,0.08578348159790039,1201,True
P5-E5,S3-4_05,30,-3.3080081939697266,0.06083488464355469,1201,True
P5-E5,S3-1_02,31,-3.3688430786132812,0.002311229705810547,1201,True
P5-E5,S2-4_11,32,-3.371154308319092,0.060694217681884766,1201,True
P5-E5,GOV-5_03,33,-3.4318485260009766,0.07987546920776367,1201,True
P5-E5,GOV-5_01,34,-3.5117239952087402,0.01773977279663086,1201,True
P5-E5,S4-1_02,35,-3.529463768005371,0.03788447380065918,1201,True
P5-E5,S1-17_10,36,-3.5673482418060303,0.13033485412597656,1201,True
P5-E5,S1-1_04,37,-3.697683095932007,0.010889768600463867,1201,True
P5-E5,S4-1_03,38,-3.7085728645324707,0.06110429763793945,1201,True
P5-E5,S3-1_03,39,-3.76967716217041,0.030063867568969727,1201,True
P5-E5,GOV-5_04,40,-3.79974102973938,0.1183016300201416,1201,True
P5-E5,S1-1_03,41,-3.9180426597595215,0.09803533554077148,1201,True
P5-E5,S1-17_09,42,-4.016077995300293,0.017805099487304688,1201,True
P5-E5,S3-4_06,43,-4.033883094787598,0.14201831817626953,1201,True
P5-E5,SBM-2_02,44,-4.175901412963867,0.014237403869628906,1201,True
P5-E5,S1-3_09,45,-4.190138816833496,0.02393054962158203,1201,True
P5-E5,S1-17_06,46,-4.214069366455078,0.07056522369384766,1201,True
P5-E5,S3-3_15,47,-4.284634590148926,0.030242919921875,1201,True
P5-E5,S2-3_06,48,-4.314877510070801,0.007665157318115234,1201,True
P5-E5,IRO-1_01,49,-4.322542667388916,0.07467508316040039,1201,True
P5-E5,S4-4_07,50,-4.397217750549316,0.012988090515136719,1201,True
P5-E8,S4-1_07,1,0.13255096971988678,0.3096822649240494,1201,True
P5-E8,S2-1_09,2,-0.1771312952041626,0.13002312183380127,1201,True
P5-E8,S3-1_07,3,-0.30715441703796387,0.7248293161392212,1201,True
P5-E8,S1-2_05,4,-1.031983733177185,0.0806427001953125,1201,True
P5-E8,S2-2_05,5,-1.1126264333724976,1.3441754579544067,1201,True
P5-E8,S1-2_14,6,-2.4568018913269043,0.1072993278503418,1201,True
P5-E8,S1-1_03,7,-2.564101219177246,0.40132904052734375,1201,True
P5-E8,S1-1_04,8,-2.96543025970459,0.05460047721862793,1201,True
P5-E8,S4-1_02,9,-3.0200307369232178,0.19934535026550293,1201,True
P5-E8,S1-17_09,10,-3.2193760871887207,0.09568548202514648,1201,True
P5-E8,G1-4_07,11,-3.315061569213867,0.22630786895751953,1201,True
P5-E8,S1-17_10,12,-3.5413694381713867,0.12792348861694336,1201,True
P5-E8,S2-1_01,13,-3.66929292678833,0.2332909107208252,1201,True
P5-E8,S2-1_02,14,-3.9025838375091553,0.3312981128692627,1201,True
P5-E8,S3-1_02,15,-4.233881950378418,0.06632328033447266,1201,True
P5-E8,S4-1_03,16,-4.300205230712891,0.006430149078369141,1201,True
P5-E8,S1-17_08,17,-4.30663537979126,0.11430692672729492,1201,True
P5-E8,S1-17_12,18,-4.420942306518555,0.20835494995117188,1201,True
P5-E8,S1-17_11,19,-4.629297256469727,0.07627439498901367,1201,True
P5-E8,S1-17_14,20,-4.70557165145874,0.016373157501220703,1201,True
P5-E8,G1-2_03,21,-4.721944808959961,0.2655448913574219,1201,True
P5-E8,S1-1_06,22,-4.987489700317383,0.07095193862915039,1201,True
P5-E8,S3-1_05,23,-5.058441638946533,0.021132469177246094,1201,True
P5-E8,S2-1_04,24,-5.079574108123779,0.020200252532958984,1201,True
P5-E8,S4-1_05,25,-5.099774360656738,0.07448863983154297,1201,True
P5-E8,S4-4_11,26,-5.174263000488281,0.11780166625976562,1201,True
P5-E8,S1-8_04,27,-5.292064666748047,0.01771688461303711,1201,True
P5-E8,E2.MDR-T_14-19,28,-5.309781551361084,0.012687206268310547,1201,True
P5-E8,S2.MDR-P_07-08,29,-5.3224687576293945,0.02642345428466797,1201,True
P5-E8,E2.MDR-P_07-08,30,-5.3488922119140625,0.003051280975341797,1201,True
P5-E8,G1.MDR-P_07-08,31,-5.351943492889404,0.006947040557861328,1201,True
P5-E8,S1.MDR-P_07-08,32,-5.358890533447266,0.004618167877197266,1201,True
P5-E8,E1.MDR-P_07-08,33,-5.363508701324463,0.006180286407470703,1201,True
P5-E8,S1-15_04,34,-5.369688987731934,0.011125564575195312,1201,True
P5-E8,S3.MDR-P_07-08,35,-5.380814552307129,0.01727581024169922,1201,True
P5-E8,E3.MDR-P_07-08,36,-5.398090362548828,0.004352092742919922,1201,True
P5-E8,S3-1_03,37,-5.402442455291748,0.01074838638305664,1201,True
P5-E8,E4.MDR-P_07-08,38,-5.413190841674805,0.020928382873535156,1201,True
P5-E8,S4.MDR-P_07-08,39,-5.43411922454834,0.035843849182128906,1201,True
P5-E8,S1.MDR-A_13-14,40,-5.469963073730469,0.0011210441589355469,1201,True
P5-E8,S2.MDR-T_14-19,41,-5.471084117889404,0.00012540817260742188,1201,True
P5-E8,S1.MDR-T_14-19,42,-5.471209526062012,0.0007123947143554688,1201,True
P5-E8,E3.MDR-T_14-19,43,-5.471921920776367,0.0015516281127929688,1201,True
P5-E8,G1.MDR-P_01-06,44,-5.47347354888916,0.007500648498535156,1201,True
P5-E8,E4.MDR-T_14-19,45,-5.480974197387695,0.004273414611816406,1201,True
P5-E8,E5.MDR-P_07-08,46,-5.485247611999512,0.008602619171142578,1201,True
P5-E8,S2.MDR-A_13-14,47,-5.493850231170654,0.0007386207580566406,1201,True
P5-E8,G1.MDR-A_13-14,48,-5.494588851928711,0.0011491775512695312,1201,True
P5-E8,E2.MDR-A_13-14,49,-5.4957380294799805,0.004109382629394531,1201,True
P5-E8,S3.MDR-T_14-19,50,-5.499847412109375,0.010331153869628906,1201,True
P5-L1,S1-1_21,1,1.9275296926498413,1.9681354239583015,1201,True
P5-L1,S1-3_05,2,-0.040605731308460236,0.244162879884243,1201,True
P5-L1,S1-17_07,3,-0.28476861119270325,0.041152894496917725,1201,True
P5-L1,SBM-2_09,4,-0.32592150568962097,0.5469171702861786,1201,True
P5-L1,IRO-1_04,5,-0.8728386759757996,0.08465999364852905,1201,True
P5-L1,SBM-2_11,6,-0.9574986696243286,0.11688399314880371,1201,True
P5-L1,IRO-1_05,7,-1.0743826627731323,0.12621593475341797,1201,True
P5-L1,G1-1_08,8,-1.2005985975265503,0.014586448669433594,1201,True
P5-L1,IRO-1_03,9,-1.2151850461959839,0.055275917053222656,1201,True
P5-L1,S1-17_12,10,-1.2704609632492065,0.015585064888000488,1201,True
P5-L1,S4-1_07,11,-1.286046028137207,0.04240250587463379,1201,True
P5-L1,S1-2_15,12,-1.3284485340118408,8.344650268554688e-07,1201,True
P5-L1,G1-3_03,13,-1.3284493684768677,0.020684480667114258,1201,True
P5-L1,SBM-2_08,14,-1.349133849143982,0.0792701244354248,1201,True
P5-L1,S3-1_07,15,-1.4284039735794067,0.011978983879089355,1201,True
P5-L1,E5-2_04,16,-1.440382957458496,0.07798099517822266,1201,True
P5-L1,G1-1_10,17,-1.5183639526367188,0.13588500022888184,1201,True
P5-L1,S2-1_09,18,-1.6542489528656006,0.10691964626312256,1201,True
P5-L1,S1-4_05,19,-1.7611685991287231,0.026532292366027832,1201,True
P5-L1,G1-4_08,20,-1.787700891494751,0.04658246040344238,1201,True
P5-L1,S1-2_14,21,-1.8342833518981934,0.010787725448608398,1201,True
P5-L1,E4-1_08,22,-1.8450710773468018,0.11850583553314209,1201,True
P5-L1,S4-4_07,23,-1.9635769128799438,0.006363391876220703,1201,True
P5-L1,G1-3_04,24,-1.9699403047561646,0.0003349781036376953,1201,True
P5-L1,S1-17_09,25,-1.9702752828598022,0.09629452228546143,1201,True
P5-L1,S2-3_11,26,-2.0665698051452637,0.023712158203125,1201,True
P5-L1,S1-17_03,27,-2.0902819633483887,0.0480499267578125,1201,True
P5-L1,G1.MDR-P_01-06,28,-2.138331890106201,0.0022559165954589844,1201,True
P5-L1,S3-4_07,29,-2.14058780670166,0.0007276535034179688,1201,True
P5-L1,E1.IRO-1_18,30,-2.141315460205078,0.04955482482910156,1201,True
P5-L1,S4-3_11,31,-2.1908702850341797,0.0018925666809082031,1201,True
P5-L1,S3-3_20,32,-2.192762851715088,0.1108388900756836,1201,True
P5-L1,S1-4_17,33,-2.3036017417907715,0.01147317886352539,1201,True
P5-L1,S1-17_13,34,-2.315074920654297,0.07609319686889648,1201,True
P5-L1,S1-17_10,35,-2.3911681175231934,0.0046672821044921875,1201,True
P5-L1,IRO-1_11,36,-2.3958353996276855,0.047593116760253906,1201,True
P5-L1,G1-3_01,37,-2.4434285163879395,0.0006356239318847656,1201,True
P5-L1,S4-3_07,38,-2.444064140319824,0.03719210624694824,1201,True
P5-L1,S1-2_08,39,-2.4812562465667725,0.013226509094238281,1201,True
P5-L1,S3-1_08,40,-2.4944827556610107,0.0010266304016113281,1201,True
P5-L1,S4-2_07,41,-2.495509386062622,0.025925397872924805,1201,True
P5-L1,S4-4_03,42,-2.521434783935547,0.001209259033203125,1201,True
P5-L1,S4-1_03,43,-2.52264404296875,0.0028905868530273438,1201,True
P5-L1,S1-1_02,44,-2.5255346298217773,0.015113592147827148,1201,True
P5-L1,S1-5_03,45,-2.5406482219696045,0.016197919845581055,1201,True
P5-L1,SBM-2_02,46,-2.5568461418151855,0.010632514953613281,1201,True
P5-L1,S4-1_08,47,-2.567478656768799,0.037049055099487305,1201,True
P5-L1,S2-1_10,48,-2.604527711868286,0.00898432731628418,1201,True
P5-L1,S1-1_03,49,-2.6135120391845703,0.05266427993774414,1201,True
P5-L1,SBM-2_07,50,-2.6661763191223145,0.0006556510925292969,1201,True
P5-L3,S1-1_18,1,1.0316070318222046,1.0907653085887432,1201,True
P5-L3,S1-3_03,2,-0.05915827676653862,0.1913541741669178,1201,True
P5-L3,S3-3_19,3,-0.2505124509334564,0.028352558612823486,1201,True
P5-L3,S4-3_10,4,-0.2788650095462799,0.388375848531723,1201,True
P5-L3,S1-12_03,5,-0.6672408580780029,0.2939264178276062,1201,True
P5-L3,S2-3_10,6,-0.9611672759056091,0.025289297103881836,1201,True
P5-L3,S4-3_09,7,-0.986456573009491,0.046006858348846436,1201,True
P5-L3,S3-3_18,8,-1.0324634313583374,0.09838581085205078,1201,True
P5-L3,S1-12_01,9,-1.1308492422103882,0.206138014793396,1201,True
P5-L3,G1-1_12,10,-1.3369872570037842,0.10277962684631348,1201,True
P5-L3,G1-5_12,11,-1.4397668838500977,0.031026721000671387,1201,True
P5-L3,S1-3_04,12,-1.470793604850769,0.10676288604736328,1201,True
P5-L3,S1-2_12,13,-1.5775564908981323,0.0564875602722168,1201,True
P5-L3,S4-1_03,14,-1.6340440511703491,0.06758332252502441,1201,True
P5-L3,S1-1_11,15,-1.7016273736953735,0.013522148132324219,1201,True
P5-L3,SBM-2_02,16,-1.7151495218276978,0.10306835174560547,1201,True
P5-L3,S4-3_07,17,-1.8182178735733032,0.010296106338500977,1201,True
P5-L3,S1-2_14,18,-1.8285139799118042,0.06371831893920898,1201,True
P5-L3,S4-2_07,19,-1.8922322988510132,0.11540043354034424,1201,True
P5-L3,S3-3_16,20,-2.0076327323913574,0.04336261749267578,1201,True
P5-L3,S1-12_02,21,-2.050995349884033,0.0398097038269043,1201,True
P5-L3,S1-2_10,22,-2.0908050537109375,0.004845619201660156,1201,True
P5-L3,SBM-3_12,23,-2.0956506729125977,0.022856950759887695,1201,True
P5-L3,GOV-1_07,24,-2.1185076236724854,0.020390748977661133,1201,True
P5-L3,S3-2_08,25,-2.1388983726501465,0.029874563217163086,1201,True
P5-L3,S1-11_09,26,-2.1687729358673096,0.0575101375579834,1201,True
P5-L3,S1-11_03,27,-2.226283073425293,0.04053044319152832,1201,True
P5-L3,IRO-1_05,28,-2.2668135166168213,0.11526608467102051,1201,True
P5-L3,S4-1_04,29,-2.382079601287842,0.021291732788085938,1201,True
P5-L3,S3-1_04,30,-2.4033713340759277,0.020419597625732422,1201,True
P5-L3,S1-4_13,31,-2.42379093170166,0.0037641525268554688,1201,True
P5-L3,S3-5_03,32,-2.4275550842285156,0.014046669006347656,1201,True
P5-L3,S1-4_11,33,-2.4416017532348633,0.007059574127197266,1201,True
P5-L3,E4-4_03,34,-2.4486613273620605,0.0030570030212402344,1201,True
P5-L3,E4-2_11,35,-2.451718330383301,0.0016257762908935547,1201,True
P5-L3,S3-2_05,36,-2.4533441066741943,0.016210317611694336,1201,True
P5-L3,S1-3_06,37,-2.4695544242858887,0.039215803146362305,1201,True
P5-L3,S1-6_18,38,-2.508770227432251,0.0006835460662841797,1201,True
P5-L3,S1.SBM-3_01,39,-2.509453773498535,0.035651206970214844,1201,True
P5-L3,E4-3_11,40,-2.54510498046875,0.011858463287353516,1201,True
P5-L3,S1-3_10,41,-2.5569634437561035,0.0009922981262207031,1201,True
P5-L3,S3.SBM-3_01,42,-2.557955741882324,0.004458904266357422,1201,True
P5-L3,E1-3_05,43,-2.5624146461486816,0.012922048568725586,1201,True
P5-L3,MDR-P_02,44,-2.5753366947174072,0.008414983749389648,1201,True
P5-L3,MDR-A_01,45,-2.583751678466797,0.0029075145721435547,1201,True
P5-L3,S4-4_11,46,-2.5866591930389404,0.01070261001586914,1201,True
P5-L3,S1-4_15,47,-2.5973618030548096,0.0009684562683105469,1201,True
P5-L3,S3-3_12,48,-2.59833025932312,0.0011217594146728516,1201,True
P5-L3,S2-3_03,49,-2.599452018737793,0.006741046905517578,1201,True
P5-L3,S2-3_07,50,-2.6061930656433105,0.00400543212890625,1201,True
P5-L4,S2-3_05,1,4.788853645324707,0.27974796295166016,1201,True
P5-L4,S2-2_06,2,4.509105682373047,0.1434950828552246,1201,True
P5-L4,IRO-2_09,3,4.365610599517822,0.34169483184814453,1201,True
P5-L4,S2-4_04,4,4.023915767669678,0.3313326835632324,1201,True
P5-L4,S2-5_03,5,3.6925830841064453,0.0013091564178466797,1201,True
P5-L4,S2.SBM-3_01,6,3.6912739276885986,0.026937246322631836,1201,True
P5-L4,S2.SBM-3_03,7,3.664336681365967,0.07006025314331055,1201,True
P5-L4,S2-2_07,8,3.5942764282226562,0.0005054473876953125,1201,True
P5-L4,S2.SBM-3_07,9,3.593770980834961,0.05026888847351074,1201,True
P5-L4,S2-4_16,10,3.54350209236145,0.025376319885253906,1201,True
P5-L4,S2-5_02,11,3.5181257724761963,0.1421196460723877,1201,True
P5-L4,S2-1_03,12,3.3760061264038086,0.007826805114746094,1201,True
P5-L4,S2-5_01,13,3.3681793212890625,0.015788555145263672,1201,True
P5-L4,S2-5_04,14,3.352390766143799,0.006106138229370117,1201,True
P5-L4,S2-2_02,15,3.3462846279144287,0.009145736694335938,1201,True
P5-L4,S2.SBM-3_04,16,3.3371388912200928,0.028110265731811523,1201,True
P5-L4,S2.SBM-3_09,17,3.3090286254882812,0.0029878616333007812,1201,True
P5-L4,S2-3_02,18,3.3060407638549805,0.012241363525390625,1201,True
P5-L4,S2.MDR-T_01-13,19,3.29379940032959,0.0032591819763183594,1201,True
P5-L4,S2.MDR-P_01-06,20,3.2905402183532715,0.0487821102142334,1201,True
P5-L4,S2.SBM-3_06,21,3.241758108139038,0.0038232803344726562,1201,True
P5-L4,SBM-1_28,22,3.2379348278045654,0.013997793197631836,1201,True
P5-L4,BP-2_05,23,3.2239370346069336,0.00888204574584961,1201,True
P5-L4,S2.SBM-3_02,24,3.215054988861084,0.02110004425048828,1201,True
P5-L4,S2-4_03,25,3.1939549446105957,0.008055448532104492,1201,True
P5-L4,S2-4_15,26,3.185899496078491,0.008727312088012695,1201,True
P5-L4,S2-2_01,27,3.1771721839904785,0.008725404739379883,1201,True
P5-L4,S2.MDR-A_01-12,28,3.1684467792510986,0.0024373531341552734,1201,True
P5-L4,S2-4_05,29,3.1660094261169434,0.02516937255859375,1201,True
P5-L4,SBM-1_25,30,3.1408400535583496,0.0028078556060791016,1201,True
P5-L4,S2-2_09,31,3.1380321979522705,0.026383399963378906,1201,True
P5-L4,S2-4_07,32,3.1116487979888916,0.005291938781738281,1201,True
P5-L4,S2-1_02,33,3.1063568592071533,0.003225088119506836,1201,True
P5-L4,BP-2_04,34,3.1031317710876465,0.005904197692871094,1201,True
P5-L4,S2-4_01,35,3.0972275733947754,0.0004506111145019531,1201,True
P5-L4,S2-4_06,36,3.0967769622802734,0.017127037048339844,1201,True
P5-L4,S2-2_08,37,3.0796499252319336,0.011842012405395508,1201,True
P5-L4,S2-3_12,38,3.067807912826538,0.008927583694458008,1201,True
P5-L4,S2-4_10,39,3.05888032913208,0.025978565216064453,1201,True
P5-L4,S2-3_09,40,3.0329017639160156,0.014931678771972656,1201,True
P5-L4,S2.SBM-3_05,41,3.017970085144043,0.01985478401184082,1201,True
P5-L4,BP-2_03,42,2.998115301132202,0.028447389602661133,1201,True
P5-L4,E4-1_09,43,2.969667911529541,0.02501058578491211,1201,True
P5-L4,E4-1_02,44,2.944657325744629,0.009861469268798828,1201,True
P5-L4,E4.IRO-1_02,45,2.93479585647583,0.014473438262939453,1201,True
P5-L4,S2-3_01,46,2.9203224182128906,0.048119544982910156,1201,True
P5-L4,S2-1_01,47,2.8722028732299805,0.05157756805419922,1201,True
P5-L4,S2-4_09,48,2.8206253051757812,0.03766155242919922,1201,True
P5-L4,BP-2_06,49,2.782963752746582,0.06962203979492188,1201,True
P5-L4,S2-4_17,50,2.71334171295166,0.12447404861450195,1201,True
P6-E2,G1-5_12,1,2.695828676223755,0.352278470993042,1201,True
P6-E2,E4-5_01,2,2.343550205230713,0.0654294490814209,1201,True
P6-E2,E4-5_02,3,2.278120756149292,0.14989089965820312,1201,True
P6-E2,S4-5_03,4,2.128229856491089,0.11132168769836426,1201,True
P6-E2,E4.IRO-1_14,5,2.0169081687927246,0.09429752826690674,1201,True
P6-E2,E4.SBM-3_03,6,1.9226106405258179,0.06462478637695312,1201,True
P6-E2,S4-1_07,7,1.8579858541488647,0.00672757625579834,1201,True
P6-E2,E4.SBM-3_01,8,1.8512582778930664,0.007079005241394043,1201,True
P6-E2,E4.IRO-1_02,9,1.8441792726516724,0.06207108497619629,1201,True
P6-E2,S4-3_01,10,1.782108187675476,0.030683398246765137,1201,True
P6-E2,S4-3_10,11,1.751424789428711,0.01046907901763916,1201,True
P6-E2,E4.IRO-1_15,12,1.7409557104110718,0.06996333599090576,1201,True
P6-E2,E4-4_03,13,1.670992374420166,0.05322432518005371,1201,True
P6-E2,S4.SBM-3_03,14,1.6177680492401123,0.04063010215759277,1201,True
P6-E2,S4-3_07,15,1.5771379470825195,0.021277308464050293,1201,True
P6-E2,S4-2_07,16,1.5558606386184692,0.003652811050415039,1201,True
P6-E2,E4-5_12,17,1.5522078275680542,0.000789642333984375,1201,True
P6-E2,E2-3_11,18,1.5514181852340698,0.007106423377990723,1201,True
P6-E2,GOV-1_04,19,1.544311761856079,0.01747739315032959,1201,True
P6-E2,S4-3_12,20,1.5268343687057495,0.014952778816223145,1201,True
P6-E2,S4-4_16,21,1.5118815898895264,0.018209457397460938,1201,True
P6-E2,E4.IRO-1_06,22,1.4936721324920654,0.046365976333618164,1201,True
P6-E2,S4.SBM-3_01,23,1.4473061561584473,0.02706444263458252,1201,True
P6-E2,S4-3_05,24,1.4202417135238647,0.001508951187133789,1201,True
P6-E2,E4-2_17,25,1.418732762336731,0.00739288330078125,1201,True
P6-E2,E2-3_05,26,1.4113398790359497,0.07664406299591064,1201,True
P6-E2,E5-3_11,27,1.334695816040039,0.006698966026306152,1201,True
P6-E2,E2-5_05,28,1.327996850013733,0.0027979612350463867,1201,True
P6-E2,G1-1_12,29,1.3251988887786865,0.008617401123046875,1201,True
P6-E2,S4-4_15,30,1.3165814876556396,0.0007442235946655273,1201,True
P6-E2,E3-3_04,31,1.3158372640609741,0.00902855396270752,1201,True
P6-E2,GOV-1_08,32,1.3068087100982666,0.0067555904388427734,1201,True
P6-E2,S4-3_09,33,1.3000531196594238,0.0004514455795288086,1201,True
P6-E2,S3-5_03,34,1.299601674079895,0.0074999332427978516,1201,True
P6-E2,S4-5_02,35,1.2921017408370972,0.004050731658935547,1201,True
P6-E2,E2-5_11,36,1.2880510091781616,0.018900394439697266,1201,True
P6-E2,S4-1_04,37,1.2691506147384644,0.0063838958740234375,1201,True
P6-E2,S4-1_03,38,1.262766718864441,0.008443236351013184,1201,True
P6-E2,E3-3_06,39,1.2543234825134277,0.0017260313034057617,1201,True
P6-E2,S4.SBM-3_02,40,1.252597451210022,0.009534955024719238,1201,True
P6-E2,E4-5_13,41,1.2430624961853027,0.03206980228424072,1201,True
P6-E2,E2-5_06,42,1.210992693901062,0.0016306638717651367,1201,True
P6-E2,S4-1_01,43,1.2093620300292969,0.013388276100158691,1201,True
P6-E2,E2-3_07,44,1.1959737539291382,0.009063959121704102,1201,True
P6-E2,S1-5_03,45,1.186909794807434,0.0041217803955078125,1201,True
P6-E2,IRO-2_11,46,1.1827880144119263,0.003557920455932617,1201,True
P6-E2,E2-5_03,47,1.1792300939559937,0.00687408447265625,1201,True
P6-E2,S1-7_04,48,1.1723560094833374,0.002386331558227539,1201,True
P6-E2,E2-5_07,49,1.1699696779251099,0.015334248542785645,1201,True
P6-E2,S4-5_01,50,1.1546354293823242,0.0037404298782348633,1201,True
P6-E9,E5-2_06,1,5.480908393859863,0.9157571792602539,1201,True
P6-E9,E5-2_05,2,4.565151214599609,0.02920389175415039,1201,True
P6-E9,E5-1_03,3,4.535947322845459,0.008707523345947266,1201,True
P6-E9,E5-1_04,4,4.527239799499512,0.08738040924072266,1201,True
P6-E9,SBM-2_08,5,4.439859390258789,0.01824188232421875,1201,True
P6-E9,E5-3_06,6,4.42161750793457,0.04194831848144531,1201,True
P6-E9,E5-2_04,7,4.379669189453125,0.023915767669677734,1201,True
P6-E9,SBM-1_02,8,4.355753421783447,0.0013794898986816406,1201,True
P6-E9,SBM-1_01,9,4.354373931884766,0.03626108169555664,1201,True
P6-E9,SBM-2_02,10,4.318112850189209,0.013118267059326172,1201,True
P6-E9,SBM-2_07,11,4.304994583129883,0.016201496124267578,1201,True
P6-E9,MDR-P_01,12,4.288793087005615,0.015582561492919922,1201,True
P6-E9,S4-4_06,13,4.273210525512695,0.011340618133544922,1201,True
P6-E9,E5-3_07,14,4.26186990737915,0.010208606719970703,1201,True
P6-E9,E5-5_18,15,4.25166130065918,0.030439376831054688,1201,True
P6-E9,E5-5_09,16,4.221221923828125,0.0009312629699707031,1201,True
P6-E9,S4-4_01,17,4.220290660858154,0.012973308563232422,1201,True
P6-E9,S4-4_03,18,4.207317352294922,0.0068950653076171875,1201,True
P6-E9,SBM-2_10,19,4.200422286987305,0.009618759155273438,1201,True
P6-E9,S4-4_07,20,4.190803527832031,0.0010957717895507812,1201,True
P6-E9,MDR-A_02,21,4.1897077560424805,0.0009808540344238281,1201,True
P6-E9,SBM-2_05,22,4.188726902008057,0.009547710418701172,1201,True
P6-E9,MDR-P_02,23,4.1791791915893555,0.029818058013916016,1201,True
P6-E9,IRO-1_11,24,4.1493611335754395,0.02516031265258789,1201,True
P6-E9,S4-4_09,25,4.124200820922852,0.0039234161376953125,1201,True
P6-E9,IRO-1_05,26,4.120277404785156,0.045577049255371094,1201,True
P6-E9,SBM-2_09,27,4.074700355529785,0.0008831024169921875,1201,True
P6-E9,MDR-P_05,28,4.073817253112793,0.03088855743408203,1201,True
P6-E9,SBM-1_25,29,4.042928695678711,0.00177764892578125,1201,True
P6-E9,S4-4_05,30,4.04115104675293,0.005509376525878906,1201,True
P6-E9,IRO-1_13,31,4.035641670227051,0.0014247894287109375,1201,True
P6-E9,MDR-P_08,32,4.03421688079834,0.012691974639892578,1201,True
P6-E9,SBM-1_26,33,4.021524906158447,0.009753704071044922,1201,True
P6-E9,SBM-2_01,34,4.011771202087402,0.0076732635498046875,1201,True
P6-E9,S1-7_06,35,4.004097938537598,0.0074520111083984375,1201,True
P6-E9,S1-7_10,36,3.996645927429199,0.007650613784790039,1201,True
P6-E9,S1-6_13,37,3.988995313644409,0.009719610214233398,1201,True
P6-E9,S3-4_07,38,3.979275703430176,0.0053369998931884766,1201,True
P6-E9,E5-5_08,39,3.9739387035369873,0.0046999454498291016,1201,True
P6-E9,SBM-2_03,40,3.969238758087158,0.023996353149414062,1201,True
P6-E9,GOV-5_03,41,3.945242404937744,0.006211996078491211,1201,True
P6-E9,SBM-1_27,42,3.939030408859253,0.0017802715301513672,1201,True
P6-E9,S1-4_05,43,3.9372501373291016,0.0003178119659423828,1201,True
P6-E9,MDR-A_14,44,3.936932325363159,0.004544496536254883,1201,True
P6-E9,E5-5_17,45,3.9323878288269043,0.0008432865142822266,1201,True
P6-E9,S4-1_06,46,3.931544542312622,0.012684345245361328,1201,True
P6-E9,E5-6_05,47,3.9188601970672607,0.018581628799438477,1201,True
P6-E9,IRO-1_07,48,3.9002785682678223,0.009630918502807617,1201,True
P6-E9,E5-4_07,49,3.8906476497650146,0.005725383758544922,1201,True
P6-E9,S4.SBM-3_06,50,3.8849222660064697,0.009229421615600586,1201,True
P6-L6,E5-3_11,1,3.879379987716675,0.012631654739379883,1201,True
P6-L6,S3.SBM-3_07,2,3.866748332977295,0.5145125389099121,1201,True
P6-L6,S2.SBM-3_08,3,3.352235794067383,0.027004241943359375,1201,True
P6-L6,E5.IRO-1_01,4,3.3252315521240234,0.03445124626159668,1201,True
P6-L6,E4-4_03,5,3.2907803058624268,0.25086140632629395,1201,True
P6-L6,E1.MDR-T_14-19,6,3.039918899536133,0.037900686264038086,1201,True
P6-L6,S1-3_02,7,3.0020182132720947,0.018050432205200195,1201,True
P6-L6,SBM-3_12,8,2.9839677810668945,0.011470317840576172,1201,True
P6-L6,G1-5_12,9,2.9724974632263184,0.027011394500732422,1201,True
P6-L6,E3-3_06,10,2.945486068725586,0.030768394470214844,1201,True
P6-L6,E5.IRO-1_02,11,2.914717674255371,0.014482975006103516,1201,True
P6-L6,S1.SBM-3_11,12,2.9002346992492676,0.01391458511352539,1201,True
P6-L6,Disclosures to be reported in case the undertaking has not adopted policies and/or actions or set any measurable outcome-oriented targets [see chapter 4.2 MDR - ESRS 2],13,2.886320114135742,0.03208494186401367,1201,True
P6-L6,S1-4_18,14,2.8542351722717285,0.0023698806762695312,1201,True
P6-L6,E3-3_04,15,2.851865291595459,0.0014066696166992188,1201,True
P6-L6,E2-3_05,16,2.8504586219787598,0.03617143630981445,1201,True
P6-L6,BP-1_05,17,2.8142871856689453,0.021974802017211914,1201,True
P6-L6,S1-2_08,18,2.7923123836517334,0.004159212112426758,1201,True
P6-L6,E2-3_07,19,2.7881531715393066,0.010119199752807617,1201,True
P6-L6,S4-4_13,20,2.778033971786499,0.043264150619506836,1201,True
P6-L6,S4-4_17,21,2.734769821166992,0.11832284927368164,1201,True
P6-L6,S4-3_07,22,2.6164469718933105,0.014186859130859375,1201,True
P6-L6,S4-2_07,23,2.602260112762451,0.017607688903808594,1201,True
P6-L6,S3-4_14,24,2.5846524238586426,0.017327070236206055,1201,True
P6-L6,GOV-3_03,25,2.5673253536224365,0.01525259017944336,1201,True
P6-L6,S4-4_14,26,2.552072763442993,0.02167654037475586,1201,True
P6-L6,S3-5_03,27,2.5303962230682373,0.002888917922973633,1201,True
P6-L6,S2-4_14,28,2.5275073051452637,0.0027360916137695312,1201,True
P6-L6,S1-4_14,29,2.524771213531494,0.05384373664855957,1201,True
P6-L6,S3-4_02,30,2.4709274768829346,0.004305601119995117,1201,True
P6-L6,S4.SBM-3_07,31,2.4666218757629395,0.012854337692260742,1201,True
P6-L6,S1-4_03,32,2.4537675380706787,0.00754857063293457,1201,True
P6-L6,S4-3_01,33,2.446218967437744,0.0030367374420166016,1201,True
P6-L6,S3-4_13,34,2.4431822299957275,0.018184423446655273,1201,True
P6-L6,S4-5_03,35,2.4249978065490723,0.024327516555786133,1201,True
P6-L6,S3.MDR-T_14-19,36,2.400670289993286,0.0007333755493164062,1201,True
P6-L6,S1-3_01,37,2.3999369144439697,0.001230478286743164,1201,True
P6-L6,S1.MDR-T_14-19,38,2.3987064361572266,0.0016548633575439453,1201,True
P6-L6,SBM-1_08,39,2.3970515727996826,0.01604771614074707,1201,True
P6-L6,S4.MDR-T_14-19,40,2.3810038566589355,0.013459444046020508,1201,True
P6-L6,S3-4_18,41,2.367544412612915,0.007371664047241211,1201,True
P6-L6,E3.MDR-T_14-19,42,2.360172748565674,0.023559093475341797,1201,True
P6-L6,E4.MDR-T_14-19,43,2.336613655090332,0.008028984069824219,1201,True
P6-L6,S1-5_03,44,2.328584671020508,0.0011911392211914062,1201,True
P6-L6,S2.MDR-T_14-19,45,2.3273935317993164,0.00830221176147461,1201,True
P6-L6,E5.MDR-T_14-19,46,2.319091320037842,0.02811455726623535,1201,True
P6-L6,E1.MDR-A_13-14,47,2.2909767627716064,0.007657766342163086,1201,True
P6-L6,G1-1_12,48,2.2833189964294434,0.021142005920410156,1201,True
P6-L6,E5-2_09,49,2.262176990509033,0.0020933151245117188,1201,True
P6-L6,S1.MDR-A_13-14,50,2.2600836753845215,0.0063495635986328125,1201,True
P7-E2,S3-4_01,1,3.9987785816192627,0.29569554328918457,1201,True
P7-E2,S1-4_01,2,3.703083038330078,0.10754537582397461,1201,True
P7-E2,BP-2_26,3,3.5955376625061035,0.06460237503051758,1201,True
P7-E2,MDR-A_04,4,3.530935287475586,0.3101837635040283,1201,True
P7-E2,S4-4_08,5,3.2207515239715576,0.03883767127990723,1201,True
P7-E2,S4-4_01,6,3.1819138526916504,0.008130073547363281,1201,True
P7-E2,S1-4_06,7,3.173783779144287,0.09799814224243164,1201,True
P7-E2,S3-4_08,8,3.0757856369018555,0.0609588623046875,1201,True
P7-E2,S1-4_02,9,3.014826774597168,0.3957643508911133,1201,True
P7-E2,S2-4_08,10,2.6190624237060547,0.0076906681060791016,1201,True
P7-E2,S4-4_09,11,2.6113717555999756,0.061804771423339844,1201,True
P7-E2,S4-4_02,12,2.5495669841766357,0.013904809951782227,1201,True
P7-E2,S1-17_13,13,2.5356621742248535,0.0501861572265625,1201,True
P7-E2,S3-4_09,14,2.485476016998291,0.07193851470947266,1201,True
P7-E2,S1-4_07,15,2.4135375022888184,0.07060074806213379,1201,True
P7-E2,S3-4_02,16,2.3429367542266846,0.4891899824142456,1201,True
P7-E2,S2-4_01,17,1.853746771812439,0.07472670078277588,1201,True
P7-E2,S4-3_01,18,1.779020071029663,0.19426429271697998,1201,True
P7-E2,S3-3_10,19,1.584755778312683,0.01094663143157959,1201,True
P7-E2,MDR-A_05,20,1.5738091468811035,0.1190100908279419,1201,True
P7-E2,S1-3_01,21,1.4547990560531616,0.13605916500091553,1201,True
P7-E2,S2-4_09,22,1.318739891052246,0.033452630043029785,1201,True
P7-E2,Disclosures to be reported in case the undertaking has not adopted policies and/or actions or set any measurable outcome-oriented targets [see chapter 4.2 MDR - ESRS 2],23,1.2852872610092163,0.097259521484375,1201,True
P7-E2,S2-4_02,24,1.1880277395248413,0.012378931045532227,1201,True
P7-E2,MDR-A_14,25,1.175648808479309,0.06205737590789795,1201,True
P7-E2,G1-4_08,26,1.1135914325714111,0.031768083572387695,1201,True
P7-E2,GOV-2_01,27,1.0818233489990234,0.2473558783531189,1201,True
P7-E2,E1-3_06,28,0.8344674706459045,0.030351638793945312,1201,True
P7-E2,E5-2_05,29,0.8041158318519592,0.11427748203277588,1201,True
P7-E2,E4-3_05,30,0.6898383498191833,0.0345575213432312,1201,True
P7-E2,G1-1_08,31,0.6552808284759521,0.04528164863586426,1201,True
P7-E2,MDR-A_01,32,0.6099991798400879,0.03665691614151001,1201,True
P7-E2,E1-6_16,33,0.5733422636985779,0.017746806144714355,1201,True
P7-E2,S4-4_06,34,0.5555954575538635,0.07934918999671936,1201,True
P7-E2,S3-4_06,35,0.47624626755714417,0.023693084716796875,1201,True
P7-E2,S3-4_07,36,0.4525531828403473,0.016319364309310913,1201,True
P7-E2,GOV-1_09,37,0.4362338185310364,0.00397038459777832,1201,True
P7-E2,E1-3_07,38,0.43226343393325806,0.01278868317604065,1201,True
P7-E2,G1.MDR-A_01-12,39,0.4194747507572174,0.030408501625061035,1201,True
P7-E2,S1-17_12,40,0.38906624913215637,0.04456895589828491,1201,True
P7-E2,S1.MDR-A_01-12,41,0.34449729323387146,0.020095914602279663,1201,True
P7-E2,S3-4_05,42,0.3244013786315918,0.0030013620853424072,1201,True
P7-E2,S3.MDR-A_01-12,43,0.3214000165462494,0.006556779146194458,1201,True
P7-E2,S1-3_07,44,0.31484323740005493,0.008089005947113037,1201,True
P7-E2,S1-3_02,45,0.3067542314529419,0.02364438772201538,1201,True
P7-E2,E2-4_17,46,0.2831098437309265,0.00035497546195983887,1201,True
P7-E2,E1-3_05,47,0.2827548682689667,0.0033528804779052734,1201,True
P7-E2,E5.IRO-1_02,48,0.2794019877910614,0.009047657251358032,1201,True
P7-E2,SBM-3_03,49,0.27035433053970337,0.012934595346450806,1201,True
P7-E2,S3-3_11,50,0.25741973519325256,0.006941258907318115,1201,True
P8-L3,E4-2_08,1,3.447718381881714,0.7905280590057373,1201,True
P8-L3,S1-1_11,2,2.6571903228759766,0.0632622241973877,1201,True
P8-L3,S1-1_01,3,2.593928098678589,0.02309703826904297,1201,True
P8-L3,S1-1_10,4,2.570831060409546,0.036141395568847656,1201,True
P8-L3,S2-1_05,5,2.5346896648406982,0.0012006759643554688,1201,True
P8-L3,S4.MDR-P_01-06,6,2.5334889888763428,0.03042292594909668,1201,True
P8-L3,S1-1_08,7,2.503066062927246,0.00183868408203125,1201,True
P8-L3,E4-2_11,8,2.501227378845215,0.020538330078125,1201,True
P8-L3,S1.MDR-P_01-06,9,2.48068904876709,0.09914422035217285,1201,True
P8-L3,E3-1_12,10,2.381544828414917,0.005462646484375,1201,True
P8-L3,S4-1_01,11,2.376082181930542,0.03763270378112793,1201,True
P8-L3,S1-1_12,12,2.338449478149414,0.00022339820861816406,1201,True
P8-L3,G1.MDR-P_01-06,13,2.338226079940796,0.06629204750061035,1201,True
P8-L3,E2-1_02,14,2.2719340324401855,0.024730205535888672,1201,True
P8-L3,S3.MDR-P_01-06,15,2.247203826904297,0.011313915252685547,1201,True
P8-L3,E3-1_11,16,2.2358899116516113,0.015157222747802734,1201,True
P8-L3,S1-2_07,17,2.2207326889038086,0.01223897933959961,1201,True
P8-L3,S1-1_15,18,2.208493709564209,0.026273488998413086,1201,True
P8-L3,MDR-P_05,19,2.182220220565796,0.011859655380249023,1201,True
P8-L3,S1-3_09,20,2.170360565185547,0.0068817138671875,1201,True
P8-L3,S2-1_08,21,2.1634788513183594,0.002217531204223633,1201,True
P8-L3,S1-1_07,22,2.1612613201141357,0.002879619598388672,1201,True
P8-L3,E5.MDR-P_01-06,23,2.158381700515747,0.005370140075683594,1201,True
P8-L3,S2-1_07,24,2.1530115604400635,0.03308701515197754,1201,True
P8-L3,G1-2_01,25,2.119924545288086,0.01640796661376953,1201,True
P8-L3,S2-3_06,26,2.1035165786743164,0.0037784576416015625,1201,True
P8-L3,S2.MDR-P_01-06,27,2.099738121032715,0.004698753356933594,1201,True
P8-L3,MDR-P_02,28,2.0950393676757812,0.004414558410644531,1201,True
P8-L3,S3-1_06,29,2.0906248092651367,0.003807544708251953,1201,True
P8-L3,S2-1_06,30,2.0868172645568848,0.004374980926513672,1201,True
P8-L3,S4-3_06,31,2.082442283630371,0.004151821136474609,1201,True
P8-L3,S4-2_06,32,2.0782904624938965,0.021532058715820312,1201,True
P8-L3,S2-2_07,33,2.056758403778076,0.03361821174621582,1201,True
P8-L3,S4-1_06,34,2.0231401920318604,0.005449056625366211,1201,True
P8-L3,MDR-P_07,35,2.017691135406494,0.0025131702423095703,1201,True
P8-L3,S4-3_12,36,2.0151779651641846,0.0068628787994384766,1201,True
P8-L3,S3-3_15,37,2.008315086364746,0.01930058002471924,1201,True
P8-L3,MDR-P_09,38,1.9890145063400269,0.010484933853149414,1201,True
P8-L3,S3-2_06,39,1.9785295724868774,0.014159679412841797,1201,True
P8-L3,E4-2_09,40,1.9643698930740356,0.015242457389831543,1201,True
P8-L3,S2-1_11,41,1.949127435684204,0.005949854850769043,1201,True
P8-L3,S4-1_09,42,1.943177580833435,0.00576329231262207,1201,True
P8-L3,S1-1_14,43,1.937414288520813,0.004939436912536621,1201,True
P8-L3,S1-1_17,44,1.9324748516082764,0.007027864456176758,1201,True
P8-L3,S3-1_09,45,1.9254469871520996,0.03935074806213379,1201,True
P8-L3,E1-7_16,46,1.8860962390899658,0.0031565427780151367,1201,True
P8-L3,MDR-T_01,47,1.8829396963119507,0.02492082118988037,1201,True
P8-L3,S4-1_04,48,1.8580188751220703,0.013110995292663574,1201,True
P8-L3,G1-1_10,49,1.8449078798294067,0.008348226547241211,1201,True
P8-L3,MDR-P_01,50,1.8365596532821655,0.0028285980224609375,1201,True
P8-L5,S3-4_01,1,3.2793736457824707,0.33844470977783203,1201,True
P8-L5,S1-4_01,2,2.9409289360046387,0.00907278060913086,1201,True
P8-L5,S4-4_01,3,2.931856155395508,0.15289831161499023,1201,True
P8-L5,BP-2_26,4,2.7789578437805176,0.1039738655090332,1201,True
P8-L5,S4-4_08,5,2.6749839782714844,0.16149520874023438,1201,True
P8-L5,S4-4_09,6,2.51348876953125,0.043440818786621094,1201,True
P8-L5,S1-4_06,7,2.470047950744629,0.12733674049377441,1201,True
P8-L5,S3-4_08,8,2.3427112102508545,0.29666829109191895,1201,True
P8-L5,S2-4_08,9,2.0460429191589355,0.1600886583328247,1201,True
P8-L5,S3-4_09,10,1.8859542608261108,0.16649401187896729,1201,True
P8-L5,S2-4_01,11,1.7194602489471436,0.04648768901824951,1201,True
P8-L5,S1-4_07,12,1.672972559928894,0.10999429225921631,1201,True
P8-L5,S1-17_13,13,1.5629782676696777,0.6148548722267151,1201,True
P8-L5,MDR-A_04,14,0.9481233954429626,0.014049351215362549,1201,True
P8-L5,S2-4_09,15,0.9340740442276001,0.00220489501953125,1201,True
P8-L5,S4-4_02,16,0.9318691492080688,0.0906795859336853,1201,True
P8-L5,S1-4_02,17,0.8411895632743835,0.21542364358901978,1201,True
P8-L5,S4-4_06,18,0.6257659196853638,0.025537490844726562,1201,True
P8-L5,S3-4_02,19,0.6002284288406372,0.4592977315187454,1201,True
P8-L5,E5-2_05,20,0.14093069732189178,0.03475645184516907,1201,True
P8-L5,S3-4_06,21,0.10617424547672272,0.16944142431020737,1201,True
P8-L5,E1-3_05,22,-0.06326717883348465,0.027315467596054077,1201,True
P8-L5,E4-3_10,23,-0.09058264642953873,0.010010093450546265,1201,True
P8-L5,MDR-A_01,24,-0.10059273988008499,0.03145178407430649,1201,True
P8-L5,IRO-1_03,25,-0.13204452395439148,0.06763173639774323,1201,True
P8-L5,G1-4_08,26,-0.1996762603521347,0.11948643624782562,1201,True
P8-L5,S4-4_05,27,-0.3191626965999603,0.014724493026733398,1201,True
P8-L5,S4-3_01,28,-0.3338871896266937,0.019824743270874023,1201,True
P8-L5,E4-3_13,29,-0.35371193289756775,0.027769625186920166,1201,True
P8-L5,MDR-A_02,30,-0.3814815580844879,0.05371135473251343,1201,True
P8-L5,E5-2_09,31,-0.43519291281700134,0.0015318095684051514,1201,True
P8-L5,E1-1_03,32,-0.4367247223854065,0.033601194620132446,1201,True
P8-L5,G1.MDR-A_01-12,33,-0.47032591700553894,0.05118176341056824,1201,True
P8-L5,S4-2_06,34,-0.5215076804161072,0.00020563602447509766,1201,True
P8-L5,S3-4_05,35,-0.5217133164405823,0.06386685371398926,1201,True
P8-L5,MDR-A_14,36,-0.5855801701545715,0.03904867172241211,1201,True
P8-L5,E4-3_05,37,-0.6246288418769836,0.07296133041381836,1201,True
P8-L5,IRO-1_05,38,-0.697590172290802,0.00032895803451538086,1201,True
P8-L5,G1-1_08,39,-0.6979191303253174,0.005852043628692627,1201,True
P8-L5,S1-2_07,40,-0.70377117395401,0.011537253856658936,1201,True
P8-L5,S4-3_07,41,-0.715308427810669,0.02516382932662964,1201,True
P8-L5,MDR-A_05,42,-0.7404722571372986,0.01877814531326294,1201,True
P8-L5,E1-3_06,43,-0.7592504024505615,0.017129838466644287,1201,True
P8-L5,S3-4_19,44,-0.7763802409172058,0.003243565559387207,1201,True
P8-L5,S4-2_07,45,-0.779623806476593,0.0019044280052185059,1201,True
P8-L5,BP-2_15,46,-0.7815282344818115,0.042178213596343994,1201,True
P8-L5,E5-2_07,47,-0.8237064480781555,0.0031179189682006836,1201,True
P8-L5,S1-4_20,48,-0.8268243670463562,0.005307674407958984,1201,True
P8-L5,S1-2_14,49,-0.8321320414543152,0.010596871376037598,1201,True
P8-L5,E4-3_14,50,-0.8427289128303528,0.004728078842163086,1201,True
P9-E1,S1-3_05,1,3.544095277786255,2.4131873846054077,1201,True
P9-E1,S4-3_10,2,1.1309078931808472,1.0437548533082008,1201,True
P9-E1,S1-1_21,3,0.08715303987264633,0.0044789910316467285,1201,True
P9-E1,S4-4_05,4,0.0826740488409996,0.6146558150649071,1201,True
P9-E1,S4-3_13,5,-0.5319817662239075,0.020786643028259277,1201,True
P9-E1,S4-4_07,6,-0.5527684092521667,0.3352504372596741,1201,True
P9-E1,S4-3_02,7,-0.8880188465118408,0.10972601175308228,1201,True
P9-E1,S4-4_06,8,-0.9977448582649231,0.10941547155380249,1201,True
P9-E1,S4-4_03,9,-1.1071603298187256,0.03596055507659912,1201,True
P9-E1,G1-1_02,10,-1.1431208848953247,0.14018261432647705,1201,True
P9-E1,IRO-1_05,11,-1.2833034992218018,0.19956672191619873,1201,True
P9-E1,S4-4_04,12,-1.4828702211380005,0.008252859115600586,1201,True
P9-E1,S4.SBM-3_05,13,-1.491123080253601,0.18215298652648926,1201,True
P9-E1,S4-3_05,14,-1.6732760667800903,0.08063745498657227,1201,True
P9-E1,S4-2_06,15,-1.7539135217666626,0.023959040641784668,1201,True
P9-E1,S4-4_01,16,-1.7778725624084473,0.14778387546539307,1201,True
P9-E1,S4.SBM-3_06,17,-1.9256564378738403,0.37485063076019287,1201,True
P9-E1,S3-4_05,18,-2.300507068634033,0.019208908081054688,1201,True
P9-E1,S2-3_10,19,-2.319715976715088,0.0003745555877685547,1201,True
P9-E1,S3-3_19,20,-2.3200905323028564,0.2641007900238037,1201,True
P9-E1,S4.SBM-3_02,21,-2.58419132232666,0.015517234802246094,1201,True
P9-E1,S4-4_09,22,-2.5997085571289062,0.07672595977783203,1201,True
P9-E1,S4-4_08,23,-2.6764345169067383,0.042902231216430664,1201,True
P9-E1,S1-3_03,24,-2.719336748123169,0.1683518886566162,1201,True
P9-E1,S4-3_01,25,-2.887688636779785,0.06989240646362305,1201,True
P9-E1,S4-1_04,26,-2.957581043243408,0.12019777297973633,1201,True
P9-E1,S4-4_11,27,-3.0777788162231445,0.0356290340423584,1201,True
P9-E1,GOV-2_04,28,-3.113407850265503,0.14276504516601562,1201,True
P9-E1,IRO-2_11,29,-3.2561728954315186,0.01503896713256836,1201,True
P9-E1,S4-2_01,30,-3.271211862564087,0.02361583709716797,1201,True
P9-E1,S4-1_01,31,-3.294827699661255,0.016911983489990234,1201,True
P9-E1,S1-17_13,32,-3.311739683151245,0.010175466537475586,1201,True
P9-E1,S3-4_07,33,-3.3219151496887207,0.11232852935791016,1201,True
P9-E1,S4.SBM-3_07,34,-3.434243679046631,0.061484575271606445,1201,True
P9-E1,IRO-1_02,35,-3.4957282543182373,0.007544755935668945,1201,True
P9-E1,S1-17_03,36,-3.5032730102539062,0.01775074005126953,1201,True
P9-E1,S4-3_07,37,-3.521023750305176,0.026630878448486328,1201,True
P9-E1,S4.SBM-3_04,38,-3.547654628753662,0.051102638244628906,1201,True
P9-E1,S4-2_07,39,-3.598757266998291,0.038133859634399414,1201,True
P9-E1,S4-1_03,40,-3.6368911266326904,0.010663986206054688,1201,True
P9-E1,S4-2_05,41,-3.647555112838745,0.03958415985107422,1201,True
P9-E1,S4-3_12,42,-3.6871392726898193,0.0128021240234375,1201,True
P9-E1,S4-4_15,43,-3.699941396713257,0.017800569534301758,1201,True
P9-E1,S4-4_16,44,-3.7177419662475586,0.07870054244995117,1201,True
P9-E1,S4-3_09,45,-3.7964425086975098,0.03560614585876465,1201,True
P9-E1,S4.SBM-3_08,46,-3.8320486545562744,0.13999128341674805,1201,True
P9-E1,S4-1_02,47,-3.9720399379730225,0.007999420166015625,1201,True
P9-E1,S4-5_03,48,-3.980039358139038,0.011163473129272461,1201,True
P9-E1,SBM-2_02,49,-3.9912028312683105,0.10410070419311523,1201,True
P9-E1,S1-4_05,50,-4.095303535461426,0.06695127487182617,1201,True
P9-E3,S4-3_13,1,3.987848997116089,1.0363588333129883,1201,True
P9-E3,S1-17_03,2,2.9514901638031006,0.4609081745147705,1201,True
P9-E3,S2-3_11,3,2.49058198928833,0.0028510093688964844,1201,True
P9-E3,S4-3_11,4,2.4877309799194336,0.024522781372070312,1201,True
P9-E3,S3-3_20,5,2.4632081985473633,0.643244743347168,1201,True
P9-E3,S1-17_04,6,1.8199634552001953,0.9612564444541931,1201,True
P9-E3,S1-3_05,7,0.8587070107460022,0.5226156115531921,1201,True
P9-E3,S4-3_12,8,0.33609139919281006,0.09890434145927429,1201,True
P9-E3,S4-1_03,9,0.23718705773353577,0.03897780179977417,1201,True
P9-E3,S1-17_01,10,0.1982092559337616,0.03493534028530121,1201,True
P9-E3,S1-17_13,11,0.1632739156484604,0.16949733160436153,1201,True
P9-E3,S4-3_10,12,-0.006223415955901146,0.15833626128733158,1201,True
P9-E3,S4-4_11,13,-0.16455967724323273,0.09345974028110504,1201,True
P9-E3,S1-17_02,14,-0.25801941752433777,0.045422524213790894,1201,True
P9-E3,IRO-2_11,15,-0.30344194173812866,0.006495565176010132,1201,True
P9-E3,S4.SBM-3_01,16,-0.3099375069141388,0.03790813684463501,1201,True
P9-E3,S1-17_07,17,-0.3478456437587738,0.01639416813850403,1201,True
P9-E3,S4.SBM-3_04,18,-0.36423981189727783,0.03604328632354736,1201,True
P9-E3,S4-5_02,19,-0.4002830982208252,0.0571804940700531,1201,True
P9-E3,S1-17_09,20,-0.4574635922908783,0.01811078190803528,1201,True
P9-E3,S4-3_09,21,-0.4755743741989136,0.019188135862350464,1201,True
P9-E3,G1-4_07,22,-0.49476251006126404,0.020304054021835327,1201,True
P9-E3,S4-2_06,23,-0.5150665640830994,0.006849884986877441,1201,True
P9-E3,S1-7_08,24,-0.5219164490699768,0.01143711805343628,1201,True
P9-E3,S4-5_03,25,-0.5333535671234131,0.002633810043334961,1201,True
P9-E3,S4-3_02,26,-0.535987377166748,0.029057800769805908,1201,True
P9-E3,G1-4_06,27,-0.565045177936554,0.014016807079315186,1201,True
P9-E3,S4-1_04,28,-0.5790619850158691,0.06922221183776855,1201,True
P9-E3,S4-5_01,29,-0.6482841968536377,0.0797579288482666,1201,True
P9-E3,S4-4_15,30,-0.7280421257019043,0.021677911281585693,1201,True
P9-E3,S1-1_21,31,-0.74972003698349,0.012243568897247314,1201,True
P9-E3,G1-4_04,32,-0.7619636058807373,0.03365731239318848,1201,True
P9-E3,S1-7_09,33,-0.7956209182739258,0.009122908115386963,1201,True
P9-E3,S1-14_08,34,-0.8047438263893127,0.011782050132751465,1201,True
P9-E3,S4-4_10,35,-0.8165258765220642,0.018352627754211426,1201,True
P9-E3,S1-14_06,36,-0.8348785042762756,0.013899505138397217,1201,True
P9-E3,S4-3_05,37,-0.8487780094146729,0.001948535442352295,1201,True
P9-E3,S4-5_04,38,-0.8507265448570251,0.049176573753356934,1201,True
P9-E3,S1-12_01,39,-0.8999031186103821,0.006812572479248047,1201,True
P9-E3,S1-6_16,40,-0.9067156910896301,0.043252766132354736,1201,True
P9-E3,S4.SBM-3_03,41,-0.9499684572219849,0.012691259384155273,1201,True
P9-E3,S4-1_01,42,-0.9626597166061401,0.015199601650238037,1201,True
P9-E3,S1-7_07,43,-0.9778593182563782,0.01586127281188965,1201,True
P9-E3,S1-6_17,44,-0.9937205910682678,0.01315385103225708,1201,True
P9-E3,S1-6_15,45,-1.006874442100525,0.009120702743530273,1201,True
P9-E3,G1-1_05,46,-1.0159951448440552,0.0009715557098388672,1201,True
P9-E3,G1-1_11,47,-1.016966700553894,0.050943851470947266,1201,True
P9-E3,S1-17_08,48,-1.0679105520248413,0.025794148445129395,1201,True
P9-E3,S1-14_12,49,-1.0937047004699707,0.00554203987121582,1201,True
P9-E3,S4-2_05,50,-1.0992467403411865,0.04409217834472656,1201,True
P9-E5,S1.MDR-P_01-06,1,2.1077725887298584,0.16777002811431885,1201,True
P9-E5,S4-1_01,2,1.9400025606155396,0.17455220222473145,1201,True
P9-E5,S4.MDR-P_01-06,3,1.765450358390808,0.12821877002716064,1201,True
P9-E5,S1-1_01,4,1.6372315883636475,0.025679707527160645,1201,True
P9-E5,G1.MDR-P_01-06,5,1.6115518808364868,0.03327298164367676,1201,True
P9-E5,E5.MDR-P_01-06,6,1.57827889919281,0.1667938232421875,1201,True
P9-E5,S3.MDR-P_01-06,7,1.4114850759506226,0.011230826377868652,1201,True
P9-E5,SBM-3_12,8,1.400254249572754,0.6218701601028442,1201,True
P9-E5,S3-1_09,9,0.7783840894699097,0.030969560146331787,1201,True
P9-E5,S4-1_09,10,0.7474145293235779,0.011927604675292969,1201,True
P9-E5,S1-1_14,11,0.7354869246482849,0.018426179885864258,1201,True
P9-E5,S2-1_11,12,0.7170607447624207,0.01139223575592041,1201,True
P9-E5,E3-1_11,13,0.7056685090065002,0.12197327613830566,1201,True
P9-E5,G1-1_12,14,0.5836952328681946,0.07992041110992432,1201,True
P9-E5,S1-1_12,15,0.5037748217582703,0.12888357043266296,1201,True
P9-E5,S1.MDR-A_01-12,16,0.3748912513256073,0.028682798147201538,1201,True
P9-E5,G1-5_12,17,0.34620845317840576,0.03731846809387207,1201,True
P9-E5,S2.MDR-P_01-06,18,0.3088899850845337,0.02532133460044861,1201,True
P9-E5,S1.SBM-3_12,19,0.2835686504840851,0.15276388823986053,1201,True
P9-E5,S4.MDR-A_01-12,20,0.13080476224422455,0.001535564661026001,1201,True
P9-E5,E2.MDR-P_01-06,21,0.12926919758319855,0.05702778697013855,1201,True
P9-E5,S4.SBM-3_08,22,0.07224141061306,0.06147793121635914,1201,True
P9-E5,MDR-P_02,23,0.010763479396700859,0.011777737294323742,1201,True
P9-E5,S1.MDR-T_01-13,24,-0.0010142578976228833,0.025534166838042438,1201,True
P9-E5,S3.MDR-A_01-12,25,-0.02654842473566532,0.031783634796738625,1201,True
P9-E5,S4.MDR-T_01-13,26,-0.058332059532403946,0.009037163108587265,1201,True
P9-E5,S3.MDR-T_01-13,27,-0.06736922264099121,0.054733045399188995,1201,True
P9-E5,S4.SBM-3_06,28,-0.1221022680401802,0.04824770241975784,1201,True
P9-E5,GOV-5_03,29,-0.17034997045993805,0.0061193108558654785,1201,True
P9-E5,IRO-1_01,30,-0.17646928131580353,0.023963361978530884,1201,True
P9-E5,S1-2_05,31,-0.2004326432943344,0.0009105056524276733,1201,True
P9-E5,E4.MDR-P_01-06,32,-0.20134314894676208,0.011211857199668884,1201,True
P9-E5,GOV-1_09,33,-0.21255500614643097,0.02468240261077881,1201,True
P9-E5,GOV-1_14,34,-0.23723740875720978,0.06643618643283844,1201,True
P9-E5,S2-2_05,35,-0.3036735951900482,0.02002936601638794,1201,True
P9-E5,GOV-2_03,36,-0.32370296120643616,0.011046111583709717,1201,True
P9-E5,E1-7_08,37,-0.3347490727901459,0.012951374053955078,1201,True
P9-E5,E5-6_05,38,-0.34770044684410095,0.08559000492095947,1201,True
P9-E5,BP-2_17,39,-0.4332904517650604,0.0037364959716796875,1201,True
P9-E5,GOV-1_08,40,-0.4370269477367401,0.01978743076324463,1201,True
P9-E5,MDR-P_06,41,-0.45681437849998474,0.013637810945510864,1201,True
P9-E5,SBM-3_02,42,-0.4704521894454956,0.0020998716354370117,1201,True
P9-E5,S3.SBM-3_08,43,-0.4725520610809326,0.0028534233570098877,1201,True
P9-E5,IRO-2_13,44,-0.4754054844379425,0.004457920789718628,1201,True
P9-E5,GOV-2_02,45,-0.47986340522766113,0.0017477571964263916,1201,True
P9-E5,S3-3_20,46,-0.4816111624240875,0.007278025150299072,1201,True
P9-E5,S2-3_11,47,-0.4888891875743866,0.008186876773834229,1201,True
P9-E5,E1-9_06,48,-0.4970760643482208,0.010371595621109009,1201,True
P9-E5,S4-3_11,49,-0.5074476599693298,0.039791107177734375,1201,True
P9-E5,G1.MDR-A_01-12,50,-0.5472387671470642,0.030296385288238525,1201,True
P9-E6,S3-4_01,1,4.006861209869385,0.05546998977661133,1201,True
P9-E6,S4-4_01,2,3.9513912200927734,0.07137918472290039,1201,True
P9-E6,S4-4_09,3,3.880012035369873,0.22957277297973633,1201,True
P9-E6,S1-4_01,4,3.6504392623901367,0.02280426025390625,1201,True
P9-E6,S4-4_08,5,3.6276350021362305,0.06775188446044922,1201,True
P9-E6,S3-4_09,6,3.5598831176757812,0.03615307807922363,1201,True
P9-E6,S1-4_06,7,3.5237300395965576,0.0010211467742919922,1201,True
P9-E6,S1-4_07,8,3.5227088928222656,0.12794184684753418,1201,True
P9-E6,S3-4_08,9,3.3947670459747314,0.15544652938842773,1201,True
P9-E6,MDR-A_04,10,3.2393205165863037,0.0478818416595459,1201,True
P9-E6,S2-4_08,11,3.191438674926758,0.10855627059936523,1201,True
P9-E6,S4-3_01,12,3.0828824043273926,0.007643699645996094,1201,True
P9-E6,S2-4_01,13,3.0752387046813965,0.002734661102294922,1201,True
P9-E6,S1-4_02,14,3.0725040435791016,0.0648965835571289,1201,True
P9-E6,S2-4_09,15,3.0076074600219727,0.041530609130859375,1201,True
P9-E6,BP-2_26,16,2.9660768508911133,0.20656681060791016,1201,True
P9-E6,S4-4_02,17,2.759510040283203,0.01073455810546875,1201,True
P9-E6,S4-4_04,18,2.7487754821777344,0.09818315505981445,1201,True
P9-E6,S3-3_10,19,2.65059232711792,0.0004944801330566406,1201,True
P9-E6,S1-17_07,20,2.6500978469848633,0.03601813316345215,1201,True
P9-E6,S1-3_01,21,2.614079713821411,0.04054903984069824,1201,True
P9-E6,G1-4_08,22,2.573530673980713,0.03649473190307617,1201,True
P9-E6,S3-4_02,23,2.5370359420776367,0.0034749507904052734,1201,True
P9-E6,S4-4_16,24,2.5335609912872314,0.008737802505493164,1201,True
P9-E6,S4-3_02,25,2.5248231887817383,0.010807514190673828,1201,True
P9-E6,S4-5_03,26,2.5140156745910645,0.02559185028076172,1201,True
P9-E6,S1-4_04,27,2.4884238243103027,0.025340795516967773,1201,True
P9-E6,S3-4_04,28,2.463083028793335,0.019488096237182617,1201,True
P9-E6,S1-4_03,29,2.4435949325561523,0.0006437301635742188,1201,True
P9-E6,S1-3_07,30,2.442951202392578,0.008824825286865234,1201,True
P9-E6,Disclosures to be reported in case the undertaking has not adopted policies and/or actions or set any measurable outcome-oriented targets [see chapter 4.2 MDR - ESRS 2],31,2.434126377105713,0.01076650619506836,1201,True
P9-E6,E1-3_06,32,2.4233598709106445,0.013374805450439453,1201,True
P9-E6,S1-17_13,33,2.409985065460205,0.0006201267242431641,1201,True
P9-E6,S3-3_13,34,2.409364938735962,0.03298830986022949,1201,True
P9-E6,S4-4_05,35,2.3763766288757324,0.007072925567626953,1201,True
P9-E6,S2-3_04,36,2.3693037033081055,0.006026268005371094,1201,True
P9-E6,S4-3_04,37,2.3632774353027344,0.03847026824951172,1201,True
P9-E6,S1-4_17,38,2.3248071670532227,0.01503610610961914,1201,True
P9-E6,GOV-2_01,39,2.3097710609436035,0.002371072769165039,1201,True
P9-E6,S1-17_12,40,2.3073999881744385,0.027916669845581055,1201,True
P9-E6,S2-4_02,41,2.2794833183288574,0.008013725280761719,1201,True
P9-E6,S4-2_06,42,2.2714695930480957,0.021053791046142578,1201,True
P9-E6,S4-4_07,43,2.250415802001953,0.007433414459228516,1201,True
P9-E6,S4-4_03,44,2.2429823875427246,0.012327909469604492,1201,True
P9-E6,S2-3_01,45,2.23065447807312,0.004531383514404297,1201,True
P9-E6,E4-3_05,46,2.226123094558716,0.0018856525421142578,1201,True
P9-E6,E1-3_05,47,2.2242374420166016,0.01052999496459961,1201,True
P9-E6,S1-2_10,48,2.213707447052002,0.0018846988677978516,1201,True
P9-E6,SBM-3_03,49,2.211822748184204,0.0001266002655029297,1201,True
P9-E6,S4.MDR-A_01-12,50,2.211696147918701,0.0018053054809570312,1201,True
P9-L2,S4-2_06,1,5.17903470993042,3.3177534341812134,1201,True
P9-L2,S1-2_07,2,1.8612812757492065,0.04255056381225586,1201,True
P9-L2,S4.SBM-3_07,3,1.8187307119369507,0.04932892322540283,1201,True
P9-L2,SBM-1_22,4,1.7694017887115479,0.03451240062713623,1201,True
P9-L2,S4-3_05,5,1.7348893880844116,0.4656181335449219,1201,True
P9-L2,S4-2_01,6,1.2692712545394897,0.5435653924942017,1201,True
P9-L2,S4-1_04,7,0.7257058620452881,0.04507714509963989,1201,True
P9-L2,S4-3_02,8,0.6806287169456482,0.10729360580444336,1201,True
P9-L2,S4-5_03,9,0.5733351111412048,0.17966219782829285,1201,True
P9-L2,E2-6_11,10,0.393672913312912,0.10916736721992493,1201,True
P9-L2,E5-6_05,11,0.28450554609298706,0.018068403005599976,1201,True
P9-L2,S2-2_07,12,0.2664371430873871,0.015880197286605835,1201,True
P9-L2,S3-2_06,13,0.25055694580078125,0.3641447648406029,1201,True
P9-L2,S4-1_03,14,-0.11358781903982162,0.009265191853046417,1201,True
P9-L2,S4-4_05,15,-0.12285301089286804,0.2232222557067871,1201,True
P9-L2,S4-3_01,16,-0.34607526659965515,0.0006259381771087646,1201,True
P9-L2,S4-2_05,17,-0.3467012047767639,0.023244917392730713,1201,True
P9-L2,S4-4_16,18,-0.36994612216949463,0.08186236023902893,1201,True
P9-L2,S4-4_07,19,-0.45180848240852356,0.10150590538978577,1201,True
P9-L2,IRO-1_05,20,-0.5533143877983093,0.027132511138916016,1201,True
P9-L2,S4-4_15,21,-0.5804468989372253,0.04064053297042847,1201,True
P9-L2,S4-5_04,22,-0.6210874319076538,0.00278627872467041,1201,True
P9-L2,S4-4_04,23,-0.6238737106323242,0.0017664432525634766,1201,True
P9-L2,S4-1_01,24,-0.6256401538848877,0.16022533178329468,1201,True
P9-L2,E2-1_02,25,-0.7858654856681824,0.09990334510803223,1201,True
P9-L2,SBM-1_21,26,-0.8857688307762146,0.029824435710906982,1201,True
P9-L2,S4-3_07,27,-0.9155932664871216,0.019751250743865967,1201,True
P9-L2,E5-5_03,28,-0.9353445172309875,0.009638965129852295,1201,True
P9-L2,S4-4_11,29,-0.9449834823608398,0.06616532802581787,1201,True
P9-L2,S4.MDR-P_01-06,30,-1.0111488103866577,0.03290057182312012,1201,True
P9-L2,S4-4_06,31,-1.0440493822097778,0.01926100254058838,1201,True
P9-L2,S4-2_07,32,-1.0633103847503662,0.06769025325775146,1201,True
P9-L2,S4-4_10,33,-1.1310006380081177,0.09311652183532715,1201,True
P9-L2,S4-3_09,34,-1.2241171598434448,0.03073573112487793,1201,True
P9-L2,SBM-1_01,35,-1.2548528909683228,0.07401323318481445,1201,True
P9-L2,S4-1_07,36,-1.3288661241531372,0.012651562690734863,1201,True
P9-L2,S4.SBM-3_08,37,-1.341517686843872,0.09972894191741943,1201,True
P9-L2,S4-5_01,38,-1.4412466287612915,0.02138972282409668,1201,True
P9-L2,IRO-1_02,39,-1.4626363515853882,3.409385681152344e-05,1201,True
P9-L2,S4-2_08,40,-1.4626704454421997,0.006204128265380859,1201,True
P9-L2,SBM-1_05,41,-1.4688745737075806,0.026944994926452637,1201,True
P9-L2,S4-4_03,42,-1.4958195686340332,0.008839249610900879,1201,True
P9-L2,SBM-2_11,43,-1.504658818244934,0.008147716522216797,1201,True
P9-L2,S4-4_17,44,-1.5128065347671509,0.09397363662719727,1201,True
P9-L2,S4-3_12,45,-1.6067801713943481,0.07697153091430664,1201,True
P9-L2,S4.SBM-3_01,46,-1.6837517023086548,0.06759679317474365,1201,True
P9-L2,S4-4_09,47,-1.7513484954833984,0.0016939640045166016,1201,True
P9-L2,S4.MDR-A_01-12,48,-1.753042459487915,0.002367734909057617,1201,True
P9-L2,S3-3_14,49,-1.7554101943969727,0.020754694938659668,1201,True
P9-L2,S4-4_13,50,-1.7761648893356323,0.014864802360534668,1201,True
P9-L5,E1-7_16,1,2.499833345413208,0.04898834228515625,1201,True
P9-L5,S1.SBM-3_12,2,2.4508450031280518,0.05765271186828613,1201,True
P9-L5,S1.SBM-3_03,3,2.3931922912597656,0.010986804962158203,1201,True
P9-L5,S1-4_10,4,2.3822054862976074,0.005361318588256836,1201,True
P9-L5,S4-3_01,5,2.3768441677093506,0.04452681541442871,1201,True
P9-L5,E4-1_09,6,2.332317352294922,0.01091313362121582,1201,True
P9-L5,G1-4_07,7,2.321404218673706,0.020510435104370117,1201,True
P9-L5,GOV-1_08,8,2.300893783569336,0.02768707275390625,1201,True
P9-L5,E5-6_02,9,2.2732067108154297,0.02408885955810547,1201,True
P9-L5,S1-4_09,10,2.249117851257324,0.010723590850830078,1201,True
P9-L5,S2-4_12,11,2.238394260406494,0.01892232894897461,1201,True
P9-L5,S1-6_16,12,2.2194719314575195,0.0004508495330810547,1201,True
P9-L5,E1-7_18,13,2.2190210819244385,0.0007998943328857422,1201,True
P9-L5,S3-3_10,14,2.2182211875915527,0.013186931610107422,1201,True
P9-L5,S4.SBM-3_04,15,2.2050342559814453,0.0019168853759765625,1201,True
P9-L5,S4.SBM-3_08,16,2.2031173706054688,0.007603168487548828,1201,True
P9-L5,E5-6_03,17,2.19551420211792,0.01610875129699707,1201,True
P9-L5,S1-2_07,18,2.179405450820923,0.003442525863647461,1201,True
P9-L5,G1-3_03,19,2.1759629249572754,0.004643440246582031,1201,True
P9-L5,E1-9_09,20,2.1713194847106934,0.0006194114685058594,1201,True
P9-L5,S4-4_12,21,2.1707000732421875,0.0008897781372070312,1201,True
P9-L5,S1-4_02,22,2.1698102951049805,0.0005924701690673828,1201,True
P9-L5,E5-4_05,23,2.169217824935913,0.0063629150390625,1201,True
P9-L5,E5-6_01,24,2.1628549098968506,0.014460325241088867,1201,True
P9-L5,S2.SBM-3_05,25,2.1483945846557617,0.019566059112548828,1201,True
P9-L5,S3-4_12,26,2.128828525543213,0.00991368293762207,1201,True
P9-L5,SBM-3_06,27,2.118914842605591,0.015904664993286133,1201,True
P9-L5,S1-4_17,28,2.1030101776123047,0.023646831512451172,1201,True
P9-L5,S4-2_06,29,2.0793633460998535,0.004329681396484375,1201,True
P9-L5,S3.SBM-3_04,30,2.075033664703369,0.004373073577880859,1201,True
P9-L5,G1-3_01,31,2.0706605911254883,0.0006403923034667969,1201,True
P9-L5,S1-4_11,32,2.0700201988220215,0.0023713111877441406,1201,True
P9-L5,S1-3_01,33,2.0676488876342773,0.0061283111572265625,1201,True
P9-L5,G1-4_05,34,2.061520576477051,0.005396604537963867,1201,True
P9-L5,SBM-3_11,35,2.056123971939087,0.015168428421020508,1201,True
P9-L5,SBM-3_01,36,2.0409555435180664,0.010701417922973633,1201,True
P9-L5,S3.SBM-3_08,37,2.0302541255950928,0.00604248046875,1201,True
P9-L5,S1-5_06,38,2.0242116451263428,0.006551027297973633,1201,True
P9-L5,S1-17_07,39,2.017660617828369,0.025783777236938477,1201,True
P9-L5,S1-17_13,40,1.9918768405914307,0.004753828048706055,1201,True
P9-L5,S2-5_06,41,1.9871230125427246,0.010738253593444824,1201,True
P9-L5,S3-2_06,42,1.9763847589492798,0.001851797103881836,1201,True
P9-L5,S4-2_01,43,1.974532961845398,0.006906986236572266,1201,True
P9-L5,G1-4_04,44,1.9676259756088257,0.005410671234130859,1201,True
P9-L5,E2-6_03,45,1.9622153043746948,0.006150364875793457,1201,True
P9-L5,SBM-3_05,46,1.9560649394989014,0.030306339263916016,1201,True
P9-L5,S1-6_17,47,1.9257586002349854,0.006558895111083984,1201,True
P9-L5,GOV-2_03,48,1.9191997051239014,0.001709580421447754,1201,True
P9-L5,S1-7_09,49,1.9174901247024536,0.004125714302062988,1201,True
P9-L5,S1-2_15,50,1.9133644104003906,0.010309457778930664,1201,True
