brsr_id,method,rank,esrs_datapoint_id,is_gold
A13,direct,1,BP-1_02,1
A13,direct,2,GOV-1_12,0
A13,direct,3,S1-4_12,0
A13,direct,4,BP-1_04,0
A13,direct,5,S1-4_09,0
A13,direct,6,BP-2_27,0
A13,direct,7,E4-5_18,0
A13,direct,8,E1.MDR-P_07-08,0
A13,direct,9,S1-17_07,0
A13,direct,10,S1-6_16,0
A13,direct,11,MDR-A_06,0
A13,direct,12,E4.MDR-P_07-08,0
A13,direct,13,S1-1_14,0
A13,direct,14,G1.MDR-P_07-08,0
A13,direct,15,S1.MDR-P_07-08,0
A13,direct,16,BP-2_23,0
A13,direct,17,E2.MDR-P_07-08,0
A13,direct,18,GOV-2_01,0
A13,direct,19,E1.MDR-T_14-19,0
A13,direct,20,GOV-2_02,0
A13,direct,21,S1-3_07,0
A13,direct,22,MDR-A_05,0
A13,direct,23,E1.MDR-A_13-14,0
A13,direct,24,S1-16_03,0
A13,direct,25,G1.GOV-1_01,0
A13,direct,26,E3.MDR-P_07-08,0
A13,direct,27,S1.MDR-A_13-14,0
A13,direct,28,G1.MDR-A_13-14,0
A13,direct,29,S4.MDR-P_07-08,0
A13,direct,30,E4.MDR-A_13-14,0
A13,direct,31,SBM-3_11,0
A13,direct,32,E5.MDR-P_07-08,0
A13,direct,33,E2.MDR-A_13-14,0
A13,direct,34,S1-11_09,0
A13,direct,35,SBM-3_08,0
A13,direct,36,S2.MDR-P_07-08,0
A13,direct,37,S4-1_09,0
A13,direct,38,E3.MDR-A_13-14,0
A13,direct,39,S1-3_02,0
A13,direct,40,BP-1_01,1
A13,direct,41,S1-7_09,0
A13,direct,42,MDR-P_02,0
A13,direct,43,E5.MDR-A_13-14,0
A13,direct,44,S1-5_06,0
A13,direct,45,S1-11_10,0
A13,direct,46,G1.GOV-1_02,0
A13,direct,47,S1-11_11,0
A13,direct,48,S1-11_07,0
A13,direct,49,S4-4_12,0
A13,direct,50,S1-6_15,0
A13,direct,51,G1-3_03,0
A13,direct,52,S1-17_13,0
A13,direct,53,S4-3_04,0
A13,direct,54,S3.MDR-P_07-08,0
A13,direct,55,S1-4_10,0
A13,direct,56,S4.MDR-A_13-14,0
A13,direct,57,S1-7_08,0
A13,direct,58,S1-3_06,0
A13,direct,59,S1-3_11,0
A13,direct,60,MDR-P_07,0
A13,direct,61,SBM-1_23,0
A13,direct,62,S2.MDR-A_13-14,0
A13,direct,63,S1-2_12,0
A13,direct,64,S2-4_12,0
A13,direct,65,S1-3_04,0
A13,direct,66,S4-3_08,0
A13,direct,67,E2.MDR-T_14-19,0
A13,direct,68,S1-8_04,0
A13,direct,69,S2-1_11,0
A13,direct,70,S1-4_11,0
A13,direct,71,S1-1_07,0
A13,direct,72,S4-3_02,0
A13,direct,73,MDR-P_08,0
A13,direct,74,S2-3_02,0
A13,direct,75,S1.MDR-T_14-19,0
A13,direct,76,S1-3_08,0
A13,direct,77,S2-3_04,0
A13,direct,78,S4-3_03,0
A13,direct,79,E4.MDR-T_14-19,0
A13,direct,80,S1-4_14,0
A13,direct,81,S1-4_02,0
A13,direct,82,BP-2_26,0
A13,direct,83,MDR-T_14,0
A13,direct,84,MDR-A_01,0
A13,direct,85,E4-3_10,0
A13,direct,86,E3.MDR-T_14-19,0
A13,direct,87,S3-4_12,0
A13,direct,88,E5.MDR-T_14-19,0
A13,direct,89,S4-5_06,0
A13,direct,90,S3.MDR-A_13-14,0
A13,direct,91,E5.IRO-1_01,0
A13,direct,92,S1-2_01,0
A13,direct,93,SBM-3_09,0
A13,direct,94,S1-4_13,0
A13,direct,95,S2-3_03,0
A13,direct,96,S1-5_02,0
A13,direct,97,E2-4_10,0
A13,direct,98,S3-1_09,0
A13,direct,99,S1-3_05,0
A13,direct,100,S1-3_01,0
A13,direct,101,S2-3_08,0
A13,direct,102,S2-3_09,0
A13,direct,103,S4-3_05,0
A13,direct,104,MDR-P_01,0
A13,direct,105,S4-3_13,0
A13,direct,106,S1-8_03,0
A13,direct,107,S1-7_05,0
A13,direct,108,BP-2_25,0
A13,direct,109,BP-2_22,0
A13,direct,110,S4.MDR-T_14-19,0
A13,direct,111,G1.MDR-P_01-06,0
A13,direct,112,MDR-T_04,0
A13,direct,113,MDR-A_14,0
A13,direct,114,S3-3_13,0
A13,direct,115,S2-5_06,0
A13,direct,116,SBM-1_08,0
A13,direct,117,SBM-1_02,0
A13,direct,118,S2.MDR-T_14-19,0
A13,direct,119,E4-1_09,0
A13,direct,120,S1-11_04,0
A13,direct,121,S1-11_05,0
A13,direct,122,S4-3_11,0
A13,direct,123,S1-1_12,0
A13,direct,124,S1-6_08,0
A13,direct,125,MDR-T_21,0
A13,direct,126,S1-2_14,0
A13,direct,127,GOV-1_10,0
A13,direct,128,E5-5_03,0
A13,direct,129,S1-6_14,0
A13,direct,130,GOV-3_04,0
A13,direct,131,E1.GOV-3_01,0
A13,direct,132,S1-11_03,0
A13,direct,133,S3-3_12,0
A13,direct,134,E1-6_26,0
A13,direct,135,S1-7_10,0
A13,direct,136,S2-1_08,0
A13,direct,137,S4-4_13,0
A13,direct,138,S2-4_13,0
A13,direct,139,S2-3_05,0
A13,direct,140,S1-3_10,0
A13,direct,141,IRO-1_06,0
A13,direct,142,E3-4_06,0
A13,direct,143,S3-5_06,0
A13,direct,144,S3-3_17,0
A13,direct,145,E1-6_04,0
A13,direct,146,S2-3_11,0
A13,direct,147,MDR-T_17,0
A13,direct,148,MDR-P_09,0
A13,direct,149,S1-11_01,0
A13,direct,150,IRO-1_04,0
A13,direct,151,SBM-1_07,0
A13,direct,152,G1-3_04,0
A13,direct,153,S1-4_20,0
A13,direct,154,E1-6_01,0
A13,direct,155,S1-1_06,0
A13,direct,156,S1-8_02,0
A13,direct,157,S1-1_01,0
A13,direct,158,GOV-1_08,0
A13,direct,159,S1-17_03,0
A13,direct,160,S3.MDR-T_14-19,0
A13,direct,161,GOV-1_11,0
A13,direct,162,S1-8_01,0
A13,direct,163,MDR-A_13,0
A13,direct,164,S4-5_02,0
A13,direct,165,S2-4_11,0
A13,direct,166,S1-7_07,0
A13,direct,167,IRO-1_03,0
A13,direct,168,S1.MDR-T_01-13,0
A13,direct,169,S1.MDR-A_01-12,0
A13,direct,170,SBM-3_04,0
A13,direct,171,E4-5_09,0
A13,direct,172,E2.IRO-1_03,0
A13,direct,173,BP-2_24,0
A13,direct,174,E2-4_17,0
A13,direct,175,SBM-1_01,0
A13,direct,176,S1-5_03,0
A13,direct,177,S4-1_05,0
A13,direct,178,S1-8_08,0
A13,direct,179,S4-3_01,0
A13,direct,180,S1-4_05,0
A13,direct,181,MDR-P_05,0
A13,direct,182,S2-3_01,0
A13,direct,183,E3.IRO-1_02,0
A13,direct,184,S1-6_13,0
A13,direct,185,E1-6_07,0
A13,direct,186,S3-1_06,0
A13,direct,187,E1-4_06,0
A13,direct,188,S2-5_02,0
A13,direct,189,MDR-T_13,0
A13,direct,190,S4-3_09,0
A13,direct,191,S1-7_06,0
A13,direct,192,S2-2_01,0
A13,direct,193,GOV-1_17,0
A13,direct,194,MDR-A_15,0
A13,direct,195,S1-2_10,0
A13,direct,196,GOV-3_03,0
A13,direct,197,S4-2_01,0
A13,direct,198,E4-5_07,0
A13,direct,199,S2-1_04,0
A13,direct,200,S2-2_07,0
A13,direct,201,S1-2_07,0
A13,direct,202,SBM-1_28,0
A13,direct,203,E1-4_01,0
A13,direct,204,S4-4_18,0
A13,direct,205,S1-4_01,0
A13,direct,206,S1-2_03,0
A13,direct,207,E1-6_31,0
A13,direct,208,SBM-3_07,0
A13,direct,209,S1-1_21,0
A13,direct,210,MDR-T_20,0
A13,direct,211,S2-3_07,0
A13,direct,212,SBM-1_21,0
A13,direct,213,S3-4_13,0
A13,direct,214,S1-4_16,0
A13,direct,215,S3-3_20,0
A13,direct,216,GOV-1_03,0
A13,direct,217,S2-1_03,0
A13,direct,218,S2-3_12,0
A13,direct,219,E4-5_06,0
A13,direct,220,GOV-1_04,0
A13,direct,221,S3-4_10,0
A13,direct,222,SBM-1_25,0
A13,direct,223,E1-4_09,0
A13,direct,224,S1.SBM-3_03,0
A13,direct,225,S2-4_15,0
A13,direct,226,S2-4_18,0
A13,direct,227,S1-6_07,0
A13,direct,228,S1-4_03,0
A13,direct,229,E1-6_11,0
A13,direct,230,S4-4_11,0
A13,direct,231,E1-4_12,0
A13,direct,232,BP-2_21,0
A13,direct,233,SBM-1_06,0
A13,direct,234,MDR-P_03,0
A13,direct,235,S1-2_08,0
A13,direct,236,MDR-T_16,0
A13,direct,237,S3-3_11,0
A13,direct,238,MDR-M_01,0
A13,direct,239,S2-4_01,0
A13,direct,240,S1-16_02,0
A13,direct,241,E1-6_27,0
A13,direct,242,S4-4_15,0
A13,direct,243,E1-4_15,0
A13,direct,244,S3-1_05,0
A13,direct,245,S4.MDR-T_01-13,0
A13,direct,246,MDR-T_09,0
A13,direct,247,S2-4_05,0
A13,direct,248,S4-2_03,0
A13,direct,249,E1-6_30,0
A13,direct,250,IRO-1_01,0
A13,direct,251,G1-1_10,0
A13,direct,252,S4-4_01,0
A13,direct,253,E1.GOV-3_03,0
A13,direct,254,SBM-2_12,0
A13,direct,255,S1-1_05,0
A13,direct,256,S1-12_01,0
A13,direct,257,S2.MDR-A_01-12,0
A13,direct,258,S2-4_04,0
A13,direct,259,S2-5_03,0
A13,direct,260,S4.MDR-A_01-12,0
A13,direct,261,E4-2_01,0
A13,direct,262,S2-4_03,0
A13,direct,263,S2-2_08,0
A13,direct,264,S2.MDR-T_01-13,0
A13,direct,265,MDR-T_02,0
A13,direct,266,G1-4_07,0
A13,direct,267,S1-4_04,0
A13,direct,268,S3-4_19,0
A13,direct,269,MDR-T_07,0
A13,direct,270,E1-4_25,0
A13,direct,271,E4-5_08,0
A13,direct,272,S4-3_07,0
A13,direct,273,S2.SBM-3_05,0
A13,direct,274,S4-2_06,0
A13,direct,275,S4-1_01,0
A13,direct,276,E1-4_03,0
A13,direct,277,S4-2_07,0
A13,direct,278,GOV-1_16,0
A13,direct,279,E4-1_11,0
A13,direct,280,S3-3_14,0
A13,direct,281,S4-1_06,0
A13,direct,282,S4-3_12,0
A13,direct,283,E3.IRO-1_01,0
A13,direct,284,S4-5_03,0
A13,direct,285,E5.MDR-A_01-12,0
A13,direct,286,S1.SBM-3_04,0
A13,direct,287,IRO-1_05,0
A13,direct,288,SBM-1_09,0
A13,direct,289,S1-1_13,0
A13,direct,290,SBM-2_04,0
A13,direct,291,S2-4_06,0
A13,direct,292,S2-2_03,0
A13,direct,293,S1-13_02,0
A13,direct,294,MDR-P_06,0
A13,direct,295,S2-1_06,0
A13,direct,296,S3-3_10,0
A13,direct,297,S1-3_09,0
A13,direct,298,S1-2_09,0
A13,direct,299,SBM-2_02,0
A13,direct,300,S4-2_08,0
A13,direct,301,S3-2_03,0
A13,direct,302,S3-5_02,0
A13,direct,303,S4-1_04,0
A13,direct,304,S2.SBM-3_06,0
A13,direct,305,E5-5_18,0
A13,direct,306,S4-4_03,0
A13,direct,307,S1-13_06,0
A13,direct,308,S3-4_15,0
A13,direct,309,IRO-1_14,0
A13,direct,310,SBM-1_05,0
A13,direct,311,S4-4_02,0
A13,direct,312,GOV-1_05,0
A13,direct,313,S3-3_18,0
A13,direct,314,IRO-1_02,0
A13,direct,315,S4-4_04,0
A13,direct,316,E2-4_01,0
A13,direct,317,SBM-2_03,0
A13,direct,318,S3-2_01,0
A13,direct,319,S2-2_06,0
A13,direct,320,S1-6_12,0
A13,direct,321,SBM-3_01,0
A13,direct,322,SBM-2_06,0
A13,direct,323,S1-11_06,0
A13,direct,324,S1-2_11,0
A13,direct,325,GOV-3_01,0
A13,direct,326,MDR-A_04,0
A13,direct,327,S1-14_06,0
A13,direct,328,S1-13_05,0
A13,direct,329,G1.MDR-A_01-12,0
A13,direct,330,E5-5_17,0
A13,direct,331,S1-16_05,0
A13,direct,332,S1-16_04,0
A13,direct,333,S4-4_06,0
A13,direct,334,E4-3_15,0
A13,direct,335,S1-7_02,0
A13,direct,336,S2-4_02,0
A13,direct,337,E4.IRO-1_15,0
A13,direct,338,S1-9_02,0
A13,direct,339,S2-2_09,0
A13,direct,340,G1-2_02,0
A13,direct,341,S1-7_03,0
A13,direct,342,S1-6_09,0
A13,direct,343,S2-4_07,0
A13,direct,344,S4-3_06,0
A13,direct,345,SBM-1_15,0
A13,direct,346,S1-14_08,0
A13,direct,347,SBM-2_01,0
A13,direct,348,S3-1_01,0
A13,direct,349,S1-6_18,0
A13,direct,350,E4-3_01,0
A13,direct,351,E2-4_15,0
A13,direct,352,S1-6_01,0
A13,direct,353,SBM-2_05,0
A13,direct,354,S4-4_07,0
A13,direct,355,S1-6_04,0
A13,direct,356,E1.MDR-T_01-13,0
A13,direct,357,S4.SBM-3_04,0
A13,direct,358,S1-2_06,0
A13,direct,359,S1-1_09,0
A13,direct,360,G1-4_05,0
A13,direct,361,E5-2_08,0
A13,direct,362,E1-9_14,0
A13,direct,363,S4-4_05,0
A13,direct,364,SBM-3_02,0
A13,direct,365,MDR-T_18,0
A13,direct,366,S4.SBM-3_05,0
A13,direct,367,S3-4_11,0
A13,direct,368,GOV-1_07,0
A13,direct,369,E3-3_04,0
A13,direct,370,E1-2_01,0
A13,direct,371,S1-17_08,0
A13,direct,372,S3-5_03,0
A13,direct,373,E3-2_01,0
A13,direct,374,S2-1_01,0
A13,direct,375,E4.MDR-T_01-13,0
A13,direct,376,S3.MDR-T_01-13,0
A13,direct,377,S3-4_02,0
A13,direct,378,S3-4_01,0
A13,direct,379,S1-14_12,0
A13,direct,380,S1-1_10,0
A13,direct,381,G1-4_08,0
A13,direct,382,SBM-1_17,0
A13,direct,383,S1-10_01,0
A13,direct,384,G1-5_11,0
A13,direct,385,S3.MDR-A_01-12,0
A13,direct,386,S2-3_06,0
A13,direct,387,S1-7_01,0
A13,direct,388,S3-4_05,0
A13,direct,389,E1.SBM-3_01,0
A13,direct,390,S3-2_06,0
A13,direct,391,E2.MDR-A_01-12,0
A13,direct,392,S1-17_11,0
A13,direct,393,S3-1_04,0
A13,direct,394,E2.MDR-T_01-13,0
A13,direct,395,S1-6_10,0
A13,direct,396,E3-4_12,0
A13,direct,397,S1-15_02,0
A13,direct,398,GOV-3_02,0
A13,direct,399,E5-5_09,0
A13,direct,400,S1-1_03,0
A13,direct,401,E2-3_05,0
A13,direct,402,E2-3_06,0
A13,direct,403,E3.MDR-A_01-12,0
A13,direct,404,S1-1_22,0
A13,direct,405,E5-2_07,0
A13,direct,406,S3-2_08,0
A13,direct,407,S1-2_02,0
A13,direct,408,S3-3_15,0
A13,direct,409,S1-6_03,0
A13,direct,410,S1-6_02,0
A13,direct,411,E5-2_05,0
A13,direct,412,S4-2_09,0
A13,direct,413,S3-4_04,0
A13,direct,414,E4.MDR-A_01-12,0
A13,direct,415,E5.MDR-T_01-13,0
A13,direct,416,S1-6_20,0
A13,direct,417,SBM-1_04,0
A13,direct,418,S3-3_16,0
A13,direct,419,S3-4_03,0
A13,direct,420,E3.MDR-T_01-13,0
A13,direct,421,S3.SBM-3_05,0
A13,direct,422,MDR-T_10,0
A13,direct,423,S1-6_19,0
A13,direct,424,S3-4_06,0
A13,direct,425,S1-6_11,0
A13,direct,426,E4-3_14,0
A13,direct,427,S1-1_08,0
A13,direct,428,E2-2_01,0
A13,direct,429,S1-9_01,0
A13,direct,430,S2-2_02,0
A13,direct,431,E1-5_18,0
A13,direct,432,E4-5_14,0
A13,direct,433,S1-14_04,0
A13,direct,434,E4-2_02,0
A13,direct,435,S4-1_02,0
A13,direct,436,S3-3_21,0
A13,direct,437,E1-9_03,0
A13,direct,438,S1-15_01,0
A13,direct,439,S1-14_05,0
A13,direct,440,S3-2_09,0
A13,direct,441,GOV-1_06,0
A13,direct,442,E2-4_09,0
A13,direct,443,SBM-1_19,0
A13,direct,444,S1-14_07,0
A13,direct,445,S1-10_02,0
A13,direct,446,S1-17_05,0
A13,direct,447,G1-4_04,0
A13,direct,448,E1-9_01,0
A13,direct,449,S3.SBM-3_04,0
A13,direct,450,G1-4_06,0
A13,direct,451,S1-17_01,0
A13,direct,452,S3-4_07,0
A13,direct,453,S1-16_01,0
A13,direct,454,E1-5_07,0
A13,direct,455,E1-6_28,0
A13,direct,456,SBM-1_03,0
A13,direct,457,E3-3_08,0
A13,direct,458,E5-4_05,0
A13,direct,459,E2-3_09,0
A13,direct,460,S1-15_03,0
A13,direct,461,S1-14_09,0
A13,direct,462,S4-2_05,0
A13,direct,463,S3-2_05,0
A13,direct,464,E5-5_15,0
A13,direct,465,S1-13_04,0
A13,direct,466,S1-6_06,0
A13,direct,467,E5-5_08,0
A13,direct,468,E3-2_02,0
A13,direct,469,E5-2_03,0
A13,direct,470,E1-9_02,0
A13,direct,471,S4-2_02,0
A13,direct,472,S1-6_05,0
A13,direct,473,E1-4_22,0
A13,direct,474,S1-9_03,0
A13,direct,475,E1-6_17,0
A13,direct,476,S1-10_03,0
A13,direct,477,S1-17_02,0
A13,direct,478,E5-5_16,0
A13,direct,479,GOV-1_02,0
A13,direct,480,E1-5_01,0
A13,direct,481,S3-4_17,0
A13,direct,482,E5-2_06,0
A13,direct,483,E1.MDR-A_01-12,0
A13,direct,484,S2-1_05,0
A13,direct,485,S1-9_05,0
A13,direct,486,GOV-1_01,0
A13,direct,487,E3-4_05,0
A13,direct,488,E1-9_41,0
A13,direct,489,E2-4_02,0
A13,direct,490,MDR-T_05,0
A13,direct,491,S1-9_04,0
A13,direct,492,S1-13_03,0
A13,direct,493,E1-5_14,0
A13,direct,494,S1-10_04,0
A13,direct,495,E1-5_11,0
A13,direct,496,E5-2_02,0
A13,direct,497,S3-1_02,0
A13,direct,498,E5-5_07,0
A13,direct,499,G1-4_01,0
A13,direct,500,S3-2_02,0
A13,direct,501,S1-14_02,0
A13,direct,502,G1-4_02,0
A13,direct,503,E3-4_01,0
A13,direct,504,S1-13_01,0
A13,direct,505,E1-5_05,0
A13,direct,506,S1-14_03,0
A13,direct,507,E1-3_03,0
A13,direct,508,E3-4_11,0
A13,direct,509,E1-5_03,0
A13,direct,510,E1-5_06,0
A13,direct,511,E1-5_12,0
A13,direct,512,E1-9_42,0
A13,direct,513,E1-5_02,0
A13,direct,514,E1-5_10,0
A13,direct,515,E1-5_08,0
A13,direct,516,E3-4_02,0
A13,direct,517,E1-5_13,0
A13,symbolic_multihop,1,BP-1_02,1
A13,symbolic_multihop,2,BP-1_01,1
A13,multihop_kd_gold,1,BP-1_02,1
A13,multihop_kd_gold,2,BP-1_01,1
A13,multihop_kd_gold_medium,1,BP-1_02,1
A13,multihop_kd_gold_medium,2,BP-1_01,1
B6,direct,1,GOV-3_03,0
B6,direct,2,GOV-1_10,0
B6,direct,3,MDR-T_18,0
B6,direct,4,GOV-2_01,0
B6,direct,5,MDR-P_03,0
B6,direct,6,GOV-1_11,0
B6,direct,7,GOV-2_02,0
B6,direct,8,GOV-3_04,0
B6,direct,9,MDR-P_08,0
B6,direct,10,GOV-1_08,0
B6,direct,11,MDR-P_05,0
B6,direct,12,MDR-A_14,0
B6,direct,13,IRO-1_04,0
B6,direct,14,S1-4_13,0
B6,direct,15,MDR-T_17,0
B6,direct,16,S2-5_06,0
B6,direct,17,BP-2_26,0
B6,direct,18,MDR-P_06,0
B6,direct,19,SBM-2_06,0
B6,direct,20,E4-3_10,0
B6,direct,21,MDR-T_13,1
B6,direct,22,S4-5_06,0
B6,direct,23,S1-1_07,0
B6,direct,24,S2-1_08,0
B6,direct,25,S1-4_12,1
B6,direct,26,S1-5_06,0
B6,direct,27,S2-4_18,0
B6,direct,28,MDR-P_02,0
B6,direct,29,S1-4_20,0
B6,direct,30,BP-2_23,0
B6,direct,31,SBM-1_23,0
B6,direct,32,S1-4_09,0
B6,direct,33,G1.MDR-P_01-06,0
B6,direct,34,S4-4_18,0
B6,direct,35,MDR-P_09,0
B6,direct,36,S1-2_14,0
B6,direct,37,MDR-M_01,0
B6,direct,38,S1-5_02,0
B6,direct,39,SBM-3_07,0
B6,direct,40,SBM-2_12,0
B6,direct,41,MDR-T_20,0
B6,direct,42,S3-5_06,0
B6,direct,43,E1.MDR-T_14-19,0
B6,direct,44,S3-4_19,0
B6,direct,45,MDR-A_15,0
B6,direct,46,IRO-1_03,0
B6,direct,47,S3-1_06,0
B6,direct,48,SBM-2_05,0
B6,direct,49,S2-4_07,0
B6,direct,50,BP-1_02,0
B6,direct,51,MDR-P_07,0
B6,direct,52,S2-3_01,0
B6,direct,53,S1-5_03,0
B6,direct,54,S2-4_04,0
B6,direct,55,S4-4_12,0
B6,direct,56,MDR-T_16,0
B6,direct,57,S2-4_12,0
B6,direct,58,E1.MDR-T_01-13,0
B6,direct,59,BP-2_24,0
B6,direct,60,SBM-2_04,0
B6,direct,61,S4-1_06,0
B6,direct,62,GOV-1_04,0
B6,direct,63,E4.MDR-T_14-19,0
B6,direct,64,E3.MDR-T_14-19,0
B6,direct,65,E5.IRO-1_01,0
B6,direct,66,S2-4_03,0
B6,direct,67,E2.MDR-T_14-19,0
B6,direct,68,S2-4_15,0
B6,direct,69,E2.MDR-T_01-13,0
B6,direct,70,S2-4_05,0
B6,direct,71,MDR-T_09,0
B6,direct,72,G1-3_03,0
B6,direct,73,S3-4_02,0
B6,direct,74,IRO-1_06,0
B6,direct,75,IRO-1_05,0
B6,direct,76,S1-3_08,0
B6,direct,77,G1.GOV-1_01,0
B6,direct,78,S2-5_02,0
B6,direct,79,S1-1_14,0
B6,direct,80,S1-2_08,0
B6,direct,81,S2-3_02,0
B6,direct,82,S1-3_10,0
B6,direct,83,S1.MDR-T_14-19,0
B6,direct,84,S3-4_12,0
B6,direct,85,S1-3_07,0
B6,direct,86,E4.MDR-T_01-13,0
B6,direct,87,E4-1_09,0
B6,direct,88,GOV-3_01,0
B6,direct,89,S1-4_11,0
B6,direct,90,BP-2_25,0
B6,direct,91,S2-5_03,0
B6,direct,92,S4-1_09,0
B6,direct,93,IRO-1_01,0
B6,direct,94,S2-2_09,0
B6,direct,95,SBM-2_01,0
B6,direct,96,S1-3_02,0
B6,direct,97,S4-3_04,0
B6,direct,98,S2-3_04,0
B6,direct,99,S1-3_01,0
B6,direct,100,SBM-1_08,0
B6,direct,101,S1.MDR-A_01-12,0
B6,direct,102,E2.MDR-A_13-14,0
B6,direct,103,S1-2_09,0
B6,direct,104,SBM-2_03,0
B6,direct,105,G1.MDR-A_01-12,0
B6,direct,106,MDR-T_21,0
B6,direct,107,G1.GOV-1_02,0
B6,direct,108,S2-2_08,0
B6,direct,109,S2-3_05,0
B6,direct,110,S1-4_10,0
B6,direct,111,E1.GOV-3_01,0
B6,direct,112,E3.MDR-A_13-14,0
B6,direct,113,S2-1_04,0
B6,direct,114,MDR-T_14,0
B6,direct,115,MDR-A_06,0
B6,direct,116,E1.MDR-A_13-14,0
B6,direct,117,E4.MDR-A_13-14,0
B6,direct,118,E3.MDR-T_01-13,0
B6,direct,119,S1.MDR-T_01-13,0
B6,direct,120,E1.GOV-3_03,0
B6,direct,121,E5.MDR-T_14-19,0
B6,direct,122,S1-4_04,0
B6,direct,123,S2-3_07,0
B6,direct,124,GOV-1_12,0
B6,direct,125,G1.MDR-A_13-14,0
B6,direct,126,S1-4_02,0
B6,direct,127,S1.MDR-A_13-14,0
B6,direct,128,BP-2_27,0
B6,direct,129,S2.MDR-T_14-19,0
B6,direct,130,S1-4_03,0
B6,direct,131,SBM-3_11,0
B6,direct,132,E2.MDR-P_07-08,0
B6,direct,133,S1-4_14,0
B6,direct,134,SBM-2_02,0
B6,direct,135,E3.MDR-P_07-08,0
B6,direct,136,S4.MDR-T_14-19,0
B6,direct,137,E1.MDR-P_07-08,0
B6,direct,138,S1-4_16,0
B6,direct,139,S2-1_11,0
B6,direct,140,G1-3_04,0
B6,direct,141,S1-1_06,0
B6,direct,142,S1-4_05,0
B6,direct,143,SBM-1_21,0
B6,direct,144,E4.MDR-P_07-08,0
B6,direct,145,S4-3_08,0
B6,direct,146,S3-2_08,0
B6,direct,147,MDR-A_05,0
B6,direct,148,S4-5_02,0
B6,direct,149,BP-1_01,0
B6,direct,150,S4-1_05,0
B6,direct,151,S3-1_05,0
B6,direct,152,G1.MDR-P_07-08,0
B6,direct,153,S4-4_07,0
B6,direct,154,MDR-P_01,0
B6,direct,155,S2-1_03,0
B6,direct,156,S1.SBM-3_04,0
B6,direct,157,MDR-T_04,0
B6,direct,158,S2.MDR-A_13-14,0
B6,direct,159,S2-4_13,0
B6,direct,160,S1.MDR-P_07-08,0
B6,direct,161,S4.MDR-A_13-14,0
B6,direct,162,S1-3_06,0
B6,direct,163,S2.MDR-P_07-08,0
B6,direct,164,S2.SBM-3_06,0
B6,direct,165,GOV-3_02,0
B6,direct,166,GOV-1_16,0
B6,direct,167,S1-2_01,0
B6,direct,168,S3-1_09,0
B6,direct,169,E5.MDR-T_01-13,0
B6,direct,170,S2-3_03,0
B6,direct,171,S2-4_06,0
B6,direct,172,S4.MDR-P_07-08,0
B6,direct,173,S3-5_02,0
B6,direct,174,S3-5_03,0
B6,direct,175,E5.MDR-A_13-14,0
B6,direct,176,BP-1_04,0
B6,direct,177,S2-4_01,0
B6,direct,178,S4-3_03,0
B6,direct,179,S3-4_07,0
B6,direct,180,S4-3_07,0
B6,direct,181,S3-4_15,0
B6,direct,182,E5.MDR-P_07-08,0
B6,direct,183,IRO-1_02,0
B6,direct,184,S3.MDR-P_07-08,0
B6,direct,185,S2-2_01,0
B6,direct,186,S4-3_01,0
B6,direct,187,S4-2_07,0
B6,direct,188,S3-2_09,0
B6,direct,189,S3-3_13,0
B6,direct,190,S3-4_13,0
B6,direct,191,S2.MDR-T_01-13,0
B6,direct,192,S1-7_10,0
B6,direct,193,S3-3_16,0
B6,direct,194,S3.MDR-T_14-19,0
B6,direct,195,MDR-A_13,0
B6,direct,196,S1-3_05,0
B6,direct,197,S2-4_02,0
B6,direct,198,S1-1_01,0
B6,direct,199,S4-4_02,0
B6,direct,200,S2-2_06,0
B6,direct,201,S4-3_05,0
B6,direct,202,S2-2_07,0
B6,direct,203,S4-4_04,0
B6,direct,204,S1-4_01,0
B6,direct,205,S2.MDR-A_01-12,0
B6,direct,206,S3-4_04,0
B6,direct,207,S3.MDR-A_13-14,0
B6,direct,208,S1-6_08,0
B6,direct,209,S3-3_10,0
B6,direct,210,S4-5_03,0
B6,direct,211,E2-3_09,0
B6,direct,212,S2-3_09,0
B6,direct,213,S4-2_08,0
B6,direct,214,S3-4_03,0
B6,direct,215,MDR-A_04,0
B6,direct,216,S1-1_12,0
B6,direct,217,BP-2_22,0
B6,direct,218,S2-1_01,0
B6,direct,219,G1-1_10,0
B6,direct,220,S3-4_10,0
B6,direct,221,SBM-3_04,0
B6,direct,222,S3-2_01,0
B6,direct,223,GOV-1_17,0
B6,direct,224,E3-3_04,0
B6,direct,225,S1.SBM-3_03,0
B6,direct,226,S4-4_13,0
B6,direct,227,E2-4_17,0
B6,direct,228,S3-3_12,0
B6,direct,229,E4-3_14,0
B6,direct,230,S4-3_02,0
B6,direct,231,E5.MDR-A_01-12,0
B6,direct,232,G1-5_11,0
B6,direct,233,E3-3_08,0
B6,direct,234,S4-4_03,0
B6,direct,235,S1-6_04,0
B6,direct,236,E5-2_05,0
B6,direct,237,S2-4_11,0
B6,direct,238,SBM-3_09,0
B6,direct,239,S4-4_15,0
B6,direct,240,S2-3_08,0
B6,direct,241,S3-3_14,0
B6,direct,242,S3-2_05,0
B6,direct,243,MDR-A_01,0
B6,direct,244,S4-4_01,0
B6,direct,245,S3-4_05,0
B6,direct,246,S3-3_17,0
B6,direct,247,S1-3_11,0
B6,direct,248,E2-3_05,0
B6,direct,249,S1-7_06,0
B6,direct,250,E4-5_06,0
B6,direct,251,S2.SBM-3_05,0
B6,direct,252,S1-6_13,0
B6,direct,253,S1-6_16,0
B6,direct,254,E4-3_15,0
B6,direct,255,S4-2_09,0
B6,direct,256,S1-2_07,0
B6,direct,257,E5-5_03,0
B6,direct,258,S4.MDR-T_01-13,0
B6,direct,259,E4-1_11,0
B6,direct,260,S1-2_11,0
B6,direct,261,S1-17_13,0
B6,direct,262,SBM-1_28,0
B6,direct,263,S3-3_11,0
B6,direct,264,S3-1_01,0
B6,direct,265,E2-4_10,0
B6,direct,266,IRO-1_14,0
B6,direct,267,S3.MDR-T_01-13,0
B6,direct,268,S1-17_07,0
B6,direct,269,SBM-1_17,0
B6,direct,270,S1-2_06,0
B6,direct,271,E1-6_26,0
B6,direct,272,E4-5_18,0
B6,direct,273,SBM-3_08,0
B6,direct,274,S1-6_07,0
B6,direct,275,E2.IRO-1_03,0
B6,direct,276,S2-2_02,0
B6,direct,277,SBM-3_01,0
B6,direct,278,SBM-1_25,0
B6,direct,279,E1-4_06,0
B6,direct,280,E3.IRO-1_02,0
B6,direct,281,S3-4_06,0
B6,direct,282,S3-4_01,0
B6,direct,283,SBM-1_15,0
B6,direct,284,S4-1_01,0
B6,direct,285,E1-4_15,0
B6,direct,286,E2-4_15,0
B6,direct,287,S2-1_06,0
B6,direct,288,S4.MDR-A_01-12,0
B6,direct,289,S4-2_01,0
B6,direct,290,S4-2_03,0
B6,direct,291,S4-4_06,0
B6,direct,292,S1-7_05,0
B6,direct,293,E1-4_01,0
B6,direct,294,S1-3_04,0
B6,direct,295,S1-2_12,0
B6,direct,296,E1-4_09,0
B6,direct,297,S3.MDR-A_01-12,0
B6,direct,298,S1-2_03,0
B6,direct,299,S1-8_04,0
B6,direct,300,E3.IRO-1_01,0
B6,direct,301,S1-1_05,0
B6,direct,302,S3.SBM-3_05,0
B6,direct,303,SBM-3_02,0
B6,direct,304,S4-4_05,0
B6,direct,305,S2-3_12,0
B6,direct,306,S1-1_21,0
B6,direct,307,E4-3_01,0
B6,direct,308,S1-16_03,0
B6,direct,309,G1-2_02,0
B6,direct,310,S3-1_02,0
B6,direct,311,E5-2_07,0
B6,direct,312,SBM-1_09,0
B6,direct,313,S2-2_03,0
B6,direct,314,S3-2_03,0
B6,direct,315,GOV-1_03,0
B6,direct,316,S1-2_10,0
B6,direct,317,S1-3_09,0
B6,direct,318,S4.SBM-3_05,0
B6,direct,319,E4-2_01,0
B6,direct,320,S4-1_02,0
B6,direct,321,E5-2_08,0
B6,direct,322,E3-2_01,0
B6,direct,323,S1-7_09,0
B6,direct,324,S4-3_06,0
B6,direct,325,S2-3_11,0
B6,direct,326,SBM-1_01,0
B6,direct,327,S1-1_03,0
B6,direct,328,MDR-T_07,0
B6,direct,329,S4-3_09,0
B6,direct,330,S3-3_18,0
B6,direct,331,GOV-1_05,0
B6,direct,332,E1-4_12,0
B6,direct,333,S4-3_11,0
B6,direct,334,S2-3_06,0
B6,direct,335,E1-4_25,0
B6,direct,336,S3-3_15,0
B6,direct,337,E5-2_06,0
B6,direct,338,E5-5_18,0
B6,direct,339,GOV-1_02,0
B6,direct,340,G1-4_08,0
B6,direct,341,MDR-T_02,0
B6,direct,342,S1-1_13,0
B6,direct,343,S3-2_06,0
B6,direct,344,SBM-1_02,0
B6,direct,345,S1-2_02,0
B6,direct,346,S1-6_01,0
B6,direct,347,S1-1_09,0
B6,direct,348,S3-1_04,0
B6,direct,349,MDR-T_10,0
B6,direct,350,G1-4_05,0
B6,direct,351,S1-1_10,0
B6,direct,352,S3-3_20,0
B6,direct,353,S1-10_01,0
B6,direct,354,GOV-1_07,0
B6,direct,355,SBM-1_07,0
B6,direct,356,G1-4_06,0
B6,direct,357,E2.MDR-A_01-12,0
B6,direct,358,SBM-1_05,0
B6,direct,359,G1-4_07,0
B6,direct,360,E1-2_01,0
B6,direct,361,BP-2_21,0
B6,direct,362,S4.SBM-3_04,0
B6,direct,363,E3-4_06,0
B6,direct,364,E3.MDR-A_01-12,0
B6,direct,365,E2-2_01,0
B6,direct,366,S4-4_11,0
B6,direct,367,E1-6_07,0
B6,direct,368,S4-1_04,0
B6,direct,369,E1-6_11,0
B6,direct,370,S3.SBM-3_04,0
B6,direct,371,S1-6_14,0
B6,direct,372,E4-2_02,0
B6,direct,373,E3-2_02,0
B6,direct,374,GOV-1_01,0
B6,direct,375,S1-11_06,0
B6,direct,376,S3-2_02,0
B6,direct,377,E5-2_03,0
B6,direct,378,E4-5_09,0
B6,direct,379,S1-17_08,0
B6,direct,380,G1-4_04,0
B6,direct,381,S1-17_11,0
B6,direct,382,S1-13_02,0
B6,direct,383,SBM-1_19,0
B6,direct,384,E4.IRO-1_15,0
B6,direct,385,E4.MDR-A_01-12,0
B6,direct,386,S1-7_07,0
B6,direct,387,E1-9_14,0
B6,direct,388,S1-7_03,0
B6,direct,389,S3-4_11,0
B6,direct,390,S1-11_07,0
B6,direct,391,S3-4_17,0
B6,direct,392,S4-2_06,0
B6,direct,393,S1-7_08,0
B6,direct,394,E4-5_08,0
B6,direct,395,S1-10_02,0
B6,direct,396,E5-5_17,0
B6,direct,397,E1-6_04,0
B6,direct,398,S1-6_11,0
B6,direct,399,E1-6_27,0
B6,direct,400,E4-5_07,0
B6,direct,401,S1-17_03,0
B6,direct,402,E2-3_06,0
B6,direct,403,E1-9_01,0
B6,direct,404,S1-11_11,0
B6,direct,405,S4-2_02,0
B6,direct,406,S1-8_08,0
B6,direct,407,E5-2_02,0
B6,direct,408,S4-2_05,0
B6,direct,409,S1-11_09,0
B6,direct,410,E1.MDR-A_01-12,0
B6,direct,411,SBM-1_06,0
B6,direct,412,E1-6_01,0
B6,direct,413,S1-13_05,0
B6,direct,414,S1-8_03,0
B6,direct,415,S1-6_15,0
B6,direct,416,E1-6_31,0
B6,direct,417,G1-4_02,0
B6,direct,418,E1-5_18,0
B6,direct,419,E1-4_03,0
B6,direct,420,E5-5_09,0
B6,direct,421,S1-13_06,0
B6,direct,422,E1-9_41,0
B6,direct,423,E1-6_28,0
B6,direct,424,S1-11_10,0
B6,direct,425,G1-4_01,0
B6,direct,426,E1.SBM-3_01,0
B6,direct,427,E4-5_14,0
B6,direct,428,S1-12_01,0
B6,direct,429,S4-3_13,0
B6,direct,430,S1-10_03,0
B6,direct,431,E1-9_03,0
B6,direct,432,S1-1_22,0
B6,direct,433,E1-6_30,0
B6,direct,434,E1-9_02,0
B6,direct,435,S1-11_01,0
B6,direct,436,S1-8_02,0
B6,direct,437,SBM-1_04,0
B6,direct,438,S4-3_12,0
B6,direct,439,GOV-1_06,0
B6,direct,440,S1-1_08,0
B6,direct,441,S2-1_05,0
B6,direct,442,E1-4_22,0
B6,direct,443,S1-6_09,0
B6,direct,444,S1-11_05,0
B6,direct,445,E1-6_17,0
B6,direct,446,E2-4_09,0
B6,direct,447,S1-17_05,0
B6,direct,448,S1-9_02,0
B6,direct,449,S1-11_04,0
B6,direct,450,E1-9_42,0
B6,direct,451,S1-8_01,0
B6,direct,452,S1-6_12,0
B6,direct,453,S1-11_03,0
B6,direct,454,E2-4_01,0
B6,direct,455,E5-5_08,0
B6,direct,456,SBM-1_03,0
B6,direct,457,S1-6_05,0
B6,direct,458,E5-5_15,0
B6,direct,459,S1-16_02,0
B6,direct,460,S1-17_01,0
B6,direct,461,S1-7_02,0
B6,direct,462,S1-9_01,0
B6,direct,463,S3-3_21,0
B6,direct,464,S1-6_06,0
B6,direct,465,S1-17_02,0
B6,direct,466,S1-6_20,0
B6,direct,467,S1-6_19,0
B6,direct,468,E1-3_03,0
B6,direct,469,S1-6_02,0
B6,direct,470,S1-7_01,0
B6,direct,471,S1-6_10,0
B6,direct,472,S1-14_06,0
B6,direct,473,E1-5_01,0
B6,direct,474,S1-14_05,0
B6,direct,475,S1-16_05,0
B6,direct,476,S1-16_04,0
B6,direct,477,S1-10_04,0
B6,direct,478,S1-14_04,0
B6,direct,479,S1-14_08,0
B6,direct,480,S1-13_01,0
B6,direct,481,S1-15_02,0
B6,direct,482,S1-6_18,0
B6,direct,483,E5-5_16,0
B6,direct,484,E1-5_07,0
B6,direct,485,E5-5_07,0
B6,direct,486,S1-16_01,0
B6,direct,487,S1-9_03,0
B6,direct,488,S1-14_03,0
B6,direct,489,S1-9_05,0
B6,direct,490,S1-6_03,0
B6,direct,491,S1-15_01,0
B6,direct,492,E5-4_05,0
B6,direct,493,S1-9_04,0
B6,direct,494,S1-15_03,0
B6,direct,495,E1-5_14,0
B6,direct,496,MDR-T_05,0
B6,direct,497,E3-4_05,0
B6,direct,498,E2-4_02,0
B6,direct,499,S1-14_07,0
B6,direct,500,E1-5_11,0
B6,direct,501,E3-4_12,0
B6,direct,502,E3-4_01,0
B6,direct,503,S1-14_09,0
B6,direct,504,S1-14_02,0
B6,direct,505,E3-4_11,0
B6,direct,506,E1-5_08,0
B6,direct,507,E1-5_06,0
B6,direct,508,E1-5_10,0
B6,direct,509,E1-5_03,0
B6,direct,510,S1-13_04,0
B6,direct,511,S1-14_12,0
B6,direct,512,E1-5_13,0
B6,direct,513,E1-5_12,0
B6,direct,514,E3-4_02,0
B6,direct,515,S1-13_03,0
B6,direct,516,E1-5_02,0
B6,direct,517,E1-5_05,0
B6,symbolic_multihop,1,MDR-T_18,0
B6,symbolic_multihop,2,MDR-P_08,0
B6,symbolic_multihop,3,MDR-A_14,0
B6,symbolic_multihop,4,S1-4_13,0
B6,symbolic_multihop,5,MDR-T_17,0
B6,symbolic_multihop,6,S2-5_06,0
B6,symbolic_multihop,7,BP-2_26,0
B6,symbolic_multihop,8,E4-3_10,0
B6,symbolic_multihop,9,MDR-T_13,1
B6,symbolic_multihop,10,S4-5_06,0
B6,symbolic_multihop,11,S1-4_12,1
B6,symbolic_multihop,12,S1-5_06,0
B6,symbolic_multihop,13,S2-4_18,0
B6,symbolic_multihop,14,S1-4_20,0
B6,symbolic_multihop,15,S1-4_09,0
B6,symbolic_multihop,16,S4-4_18,0
B6,symbolic_multihop,17,MDR-P_09,0
B6,symbolic_multihop,18,MDR-M_01,0
B6,symbolic_multihop,19,S1-5_02,0
B6,symbolic_multihop,20,SBM-3_07,0
B6,symbolic_multihop,21,MDR-T_20,0
B6,symbolic_multihop,22,S3-5_06,0
B6,symbolic_multihop,23,E1.MDR-T_14-19,0
B6,symbolic_multihop,24,S3-4_19,0
B6,symbolic_multihop,25,MDR-A_15,0
B6,symbolic_multihop,26,MDR-P_07,0
B6,symbolic_multihop,27,S1-5_03,0
B6,symbolic_multihop,28,S2-4_04,0
B6,symbolic_multihop,29,S4-4_12,0
B6,symbolic_multihop,30,MDR-T_16,0
B6,symbolic_multihop,31,S2-4_12,0
B6,symbolic_multihop,32,E1.MDR-T_01-13,0
B6,symbolic_multihop,33,BP-2_24,0
B6,symbolic_multihop,34,E4.MDR-T_14-19,0
B6,symbolic_multihop,35,E3.MDR-T_14-19,0
B6,symbolic_multihop,36,E5.IRO-1_01,0
B6,symbolic_multihop,37,S2-4_03,0
B6,symbolic_multihop,38,E2.MDR-T_14-19,0
B6,symbolic_multihop,39,S2-4_15,0
B6,symbolic_multihop,40,E2.MDR-T_01-13,0
B6,symbolic_multihop,41,S2-4_05,0
B6,symbolic_multihop,42,MDR-T_09,0
B6,symbolic_multihop,43,S3-4_02,0
B6,symbolic_multihop,44,S2-5_02,0
B6,symbolic_multihop,45,S1-2_08,0
B6,symbolic_multihop,46,S1-3_10,0
B6,symbolic_multihop,47,S1.MDR-T_14-19,0
B6,symbolic_multihop,48,S3-4_12,0
B6,symbolic_multihop,49,E4.MDR-T_01-13,0
B6,symbolic_multihop,50,E4-1_09,0
B6,symbolic_multihop,51,S1-4_11,0
B6,symbolic_multihop,52,BP-2_25,0
B6,symbolic_multihop,53,S2-5_03,0
B6,symbolic_multihop,54,S2-2_09,0
B6,symbolic_multihop,55,S1.MDR-A_01-12,0
B6,symbolic_multihop,56,E2.MDR-A_13-14,0
B6,symbolic_multihop,57,S1-2_09,0
B6,symbolic_multihop,58,G1.MDR-A_01-12,0
B6,symbolic_multihop,59,MDR-T_21,0
B6,symbolic_multihop,60,S2-2_08,0
B6,symbolic_multihop,61,S1-4_10,0
B6,symbolic_multihop,62,E3.MDR-A_13-14,0
B6,symbolic_multihop,63,MDR-T_14,0
B6,symbolic_multihop,64,MDR-A_06,0
B6,symbolic_multihop,65,E1.MDR-A_13-14,0
B6,symbolic_multihop,66,E4.MDR-A_13-14,0
B6,symbolic_multihop,67,E3.MDR-T_01-13,0
B6,symbolic_multihop,68,S1.MDR-T_01-13,0
B6,symbolic_multihop,69,E5.MDR-T_14-19,0
B6,symbolic_multihop,70,S1-4_04,0
B6,symbolic_multihop,71,S2-3_07,0
B6,symbolic_multihop,72,G1.MDR-A_13-14,0
B6,symbolic_multihop,73,S1-4_02,0
B6,symbolic_multihop,74,S1.MDR-A_13-14,0
B6,symbolic_multihop,75,BP-2_27,0
B6,symbolic_multihop,76,S2.MDR-T_14-19,0
B6,symbolic_multihop,77,S1-4_03,0
B6,symbolic_multihop,78,E2.MDR-P_07-08,0
B6,symbolic_multihop,79,E3.MDR-P_07-08,0
B6,symbolic_multihop,80,S4.MDR-T_14-19,0
B6,symbolic_multihop,81,E1.MDR-P_07-08,0
B6,symbolic_multihop,82,S1-4_16,0
B6,symbolic_multihop,83,G1-3_04,0
B6,symbolic_multihop,84,S1-4_05,0
B6,symbolic_multihop,85,SBM-1_21,0
B6,symbolic_multihop,86,E4.MDR-P_07-08,0
B6,symbolic_multihop,87,S4-3_08,0
B6,symbolic_multihop,88,S3-2_08,0
B6,symbolic_multihop,89,MDR-A_05,0
B6,symbolic_multihop,90,S4-5_02,0
B6,symbolic_multihop,91,G1.MDR-P_07-08,0
B6,symbolic_multihop,92,MDR-P_01,0
B6,symbolic_multihop,93,S1.SBM-3_04,0
B6,symbolic_multihop,94,MDR-T_04,0
B6,symbolic_multihop,95,S2.MDR-A_13-14,0
B6,symbolic_multihop,96,S1.MDR-P_07-08,0
B6,symbolic_multihop,97,S4.MDR-A_13-14,0
B6,symbolic_multihop,98,S2.MDR-P_07-08,0
B6,symbolic_multihop,99,S2.SBM-3_06,0
B6,symbolic_multihop,100,S1-2_01,0
B6,symbolic_multihop,101,E5.MDR-T_01-13,0
B6,symbolic_multihop,102,S2-4_06,0
B6,symbolic_multihop,103,S4.MDR-P_07-08,0
B6,symbolic_multihop,104,S3-5_02,0
B6,symbolic_multihop,105,S3-5_03,0
B6,symbolic_multihop,106,E5.MDR-A_13-14,0
B6,symbolic_multihop,107,S2-4_01,0
B6,symbolic_multihop,108,S4-3_07,0
B6,symbolic_multihop,109,S3-4_15,0
B6,symbolic_multihop,110,E5.MDR-P_07-08,0
B6,symbolic_multihop,111,S3.MDR-P_07-08,0
B6,symbolic_multihop,112,S2-2_01,0
B6,symbolic_multihop,113,S4-2_07,0
B6,symbolic_multihop,114,S3-2_09,0
B6,symbolic_multihop,115,S2.MDR-T_01-13,0
B6,symbolic_multihop,116,S3-3_16,0
B6,symbolic_multihop,117,S3.MDR-T_14-19,0
B6,symbolic_multihop,118,MDR-A_13,0
B6,symbolic_multihop,119,S2-4_02,0
B6,symbolic_multihop,120,S4-4_02,0
B6,symbolic_multihop,121,S4-4_04,0
B6,symbolic_multihop,122,S1-4_01,0
B6,symbolic_multihop,123,S2.MDR-A_01-12,0
B6,symbolic_multihop,124,S3-4_04,0
B6,symbolic_multihop,125,S3.MDR-A_13-14,0
B6,symbolic_multihop,126,S4-5_03,0
B6,symbolic_multihop,127,E2-3_09,0
B6,symbolic_multihop,128,S4-2_08,0
B6,symbolic_multihop,129,S3-4_03,0
B6,symbolic_multihop,130,MDR-A_04,0
B6,symbolic_multihop,131,S3-4_10,0
B6,symbolic_multihop,132,SBM-3_04,0
B6,symbolic_multihop,133,S3-2_01,0
B6,symbolic_multihop,134,S1.SBM-3_03,0
B6,symbolic_multihop,135,E5.MDR-A_01-12,0
B6,symbolic_multihop,136,S4-4_03,0
B6,symbolic_multihop,137,S2-4_11,0
B6,symbolic_multihop,138,S4-4_15,0
B6,symbolic_multihop,139,S2-3_08,0
B6,symbolic_multihop,140,MDR-A_01,0
B6,symbolic_multihop,141,S4-4_01,0
B6,symbolic_multihop,142,S3-4_05,0
B6,symbolic_multihop,143,S3-3_17,0
B6,symbolic_multihop,144,S1-3_11,0
B6,symbolic_multihop,145,S2.SBM-3_05,0
B6,symbolic_multihop,146,S4.MDR-T_01-13,0
B6,symbolic_multihop,147,E4-1_11,0
B6,symbolic_multihop,148,S3-1_01,0
B6,symbolic_multihop,149,S3.MDR-T_01-13,0
B6,symbolic_multihop,150,E2.IRO-1_03,0
B6,symbolic_multihop,151,S3-4_06,0
B6,symbolic_multihop,152,S3-4_01,0
B6,symbolic_multihop,153,S4.MDR-A_01-12,0
B6,symbolic_multihop,154,S4-2_01,0
B6,symbolic_multihop,155,S4-4_06,0
B6,symbolic_multihop,156,E1-4_01,0
B6,symbolic_multihop,157,S3.MDR-A_01-12,0
B6,symbolic_multihop,158,S3.SBM-3_05,0
B6,symbolic_multihop,159,S4-4_05,0
B6,symbolic_multihop,160,E4-3_01,0
B6,symbolic_multihop,161,G1-2_02,0
B6,symbolic_multihop,162,S4.SBM-3_05,0
B6,symbolic_multihop,163,E4-2_01,0
B6,symbolic_multihop,164,E3-2_01,0
B6,symbolic_multihop,165,MDR-T_07,0
B6,symbolic_multihop,166,MDR-T_02,0
B6,symbolic_multihop,167,S1-1_13,0
B6,symbolic_multihop,168,MDR-T_10,0
B6,symbolic_multihop,169,S1-1_10,0
B6,symbolic_multihop,170,E2.MDR-A_01-12,0
B6,symbolic_multihop,171,E1-2_01,0
B6,symbolic_multihop,172,S4.SBM-3_04,0
B6,symbolic_multihop,173,E3.MDR-A_01-12,0
B6,symbolic_multihop,174,E2-2_01,0
B6,symbolic_multihop,175,S4-4_11,0
B6,symbolic_multihop,176,S3.SBM-3_04,0
B6,symbolic_multihop,177,E4-2_02,0
B6,symbolic_multihop,178,S1-17_08,0
B6,symbolic_multihop,179,E4.MDR-A_01-12,0
B6,symbolic_multihop,180,S3-4_11,0
B6,symbolic_multihop,181,E1.MDR-A_01-12,0
B6,symbolic_multihop,182,E4-5_14,0
B6,symbolic_multihop,183,S1-1_08,0
B6,symbolic_multihop,184,S2-1_05,0
B6,symbolic_multihop,185,E1-4_22,0
B6,symbolic_multihop,186,MDR-T_05,0
B6,multihop_kd_gold,1,MDR-T_18,0
B6,multihop_kd_gold,2,MDR-P_08,0
B6,multihop_kd_gold,3,MDR-T_13,1
B6,multihop_kd_gold,4,MDR-A_14,0
B6,multihop_kd_gold,5,MDR-T_17,0
B6,multihop_kd_gold,6,S1-4_13,0
B6,multihop_kd_gold,7,BP-2_26,0
B6,multihop_kd_gold,8,S2-5_06,0
B6,multihop_kd_gold,9,MDR-P_09,0
B6,multihop_kd_gold,10,S2-4_18,0
B6,multihop_kd_gold,11,MDR-M_01,0
B6,multihop_kd_gold,12,E1.MDR-T_01-13,0
B6,multihop_kd_gold,13,S4-5_06,0
B6,multihop_kd_gold,14,S1-4_20,0
B6,multihop_kd_gold,15,S1-5_06,0
B6,multihop_kd_gold,16,S1-4_12,1
B6,multihop_kd_gold,17,S1-5_02,0
B6,multihop_kd_gold,18,E2.MDR-T_01-13,0
B6,multihop_kd_gold,19,MDR-T_20,0
B6,multihop_kd_gold,20,S4-4_18,0
B6,multihop_kd_gold,21,E4-3_10,0
B6,multihop_kd_gold,22,BP-2_24,0
B6,multihop_kd_gold,23,E1.MDR-T_14-19,0
B6,multihop_kd_gold,24,MDR-A_15,0
B6,multihop_kd_gold,25,E4.MDR-T_01-13,0
B6,multihop_kd_gold,26,SBM-3_07,0
B6,multihop_kd_gold,27,S1-4_09,0
B6,multihop_kd_gold,28,S3-4_19,0
B6,multihop_kd_gold,29,MDR-T_16,0
B6,multihop_kd_gold,30,MDR-P_07,0
B6,multihop_kd_gold,31,MDR-T_09,0
B6,multihop_kd_gold,32,S3-5_06,0
B6,multihop_kd_gold,33,E4.MDR-T_14-19,0
B6,multihop_kd_gold,34,E2.MDR-T_14-19,0
B6,multihop_kd_gold,35,E3.MDR-T_01-13,0
B6,multihop_kd_gold,36,S1-5_03,0
B6,multihop_kd_gold,37,E3.MDR-T_14-19,0
B6,multihop_kd_gold,38,E5.IRO-1_01,0
B6,multihop_kd_gold,39,BP-2_25,0
B6,multihop_kd_gold,40,S2-4_04,0
B6,multihop_kd_gold,41,S4-4_12,0
B6,multihop_kd_gold,42,S2-4_12,0
B6,multihop_kd_gold,43,S1-2_08,0
B6,multihop_kd_gold,44,G1.MDR-A_01-12,0
B6,multihop_kd_gold,45,S1.MDR-T_14-19,0
B6,multihop_kd_gold,46,E2.MDR-A_13-14,0
B6,multihop_kd_gold,47,E4-1_09,0
B6,multihop_kd_gold,48,S3-4_02,0
B6,multihop_kd_gold,49,S2-5_02,0
B6,multihop_kd_gold,50,E1.MDR-A_13-14,0
B6,multihop_kd_gold,51,MDR-T_14,0
B6,multihop_kd_gold,52,E5.MDR-T_01-13,0
B6,multihop_kd_gold,53,E3.MDR-A_13-14,0
B6,multihop_kd_gold,54,MDR-T_21,0
B6,multihop_kd_gold,55,E4.MDR-A_13-14,0
B6,multihop_kd_gold,56,S1-3_10,0
B6,multihop_kd_gold,57,S2-4_15,0
B6,multihop_kd_gold,58,S2-4_03,0
B6,multihop_kd_gold,59,S2-4_05,0
B6,multihop_kd_gold,60,E5.MDR-T_14-19,0
B6,multihop_kd_gold,61,S1-2_09,0
B6,multihop_kd_gold,62,G1.MDR-A_13-14,0
B6,multihop_kd_gold,63,E2.MDR-P_07-08,0
B6,multihop_kd_gold,64,BP-2_27,0
B6,multihop_kd_gold,65,S2-2_09,0
B6,multihop_kd_gold,66,S1.MDR-A_13-14,0
B6,multihop_kd_gold,67,MDR-A_06,0
B6,multihop_kd_gold,68,S1.MDR-A_01-12,0
B6,multihop_kd_gold,69,E3.MDR-P_07-08,0
B6,multihop_kd_gold,70,E1.MDR-P_07-08,0
B6,multihop_kd_gold,71,S3-4_12,0
B6,multihop_kd_gold,72,G1-3_04,0
B6,multihop_kd_gold,73,S2-2_08,0
B6,multihop_kd_gold,74,S2-5_03,0
B6,multihop_kd_gold,75,S2.MDR-T_14-19,0
B6,multihop_kd_gold,76,S1.MDR-T_01-13,0
B6,multihop_kd_gold,77,E4.MDR-P_07-08,0
B6,multihop_kd_gold,78,MDR-P_01,0
B6,multihop_kd_gold,79,S1-4_04,0
B6,multihop_kd_gold,80,S4.MDR-T_14-19,0
B6,multihop_kd_gold,81,MDR-T_04,0
B6,multihop_kd_gold,82,SBM-1_21,0
B6,multihop_kd_gold,83,S2-3_07,0
B6,multihop_kd_gold,84,G1.MDR-P_07-08,0
B6,multihop_kd_gold,85,S1-4_11,0
B6,multihop_kd_gold,86,S4-5_02,0
B6,multihop_kd_gold,87,E5.MDR-A_13-14,0
B6,multihop_kd_gold,88,MDR-A_05,0
B6,multihop_kd_gold,89,S1.SBM-3_04,0
B6,multihop_kd_gold,90,S1.MDR-P_07-08,0
B6,multihop_kd_gold,91,S1-4_02,0
B6,multihop_kd_gold,92,S1-4_05,0
B6,multihop_kd_gold,93,S2.MDR-A_13-14,0
B6,multihop_kd_gold,94,S2.MDR-P_07-08,0
B6,multihop_kd_gold,95,S4.MDR-A_13-14,0
B6,multihop_kd_gold,96,S1-4_16,0
B6,multihop_kd_gold,97,S1-4_03,0
B6,multihop_kd_gold,98,E5.MDR-P_07-08,0
B6,multihop_kd_gold,99,S4.MDR-P_07-08,0
B6,multihop_kd_gold,100,S1-4_10,0
B6,multihop_kd_gold,101,S4-3_08,0
B6,multihop_kd_gold,102,S2.SBM-3_06,0
B6,multihop_kd_gold,103,S3-2_08,0
B6,multihop_kd_gold,104,S3-5_02,0
B6,multihop_kd_gold,105,S3.MDR-P_07-08,0
B6,multihop_kd_gold,106,MDR-A_13,0
B6,multihop_kd_gold,107,S2-4_06,0
B6,multihop_kd_gold,108,S1-2_01,0
B6,multihop_kd_gold,109,E2-3_09,0
B6,multihop_kd_gold,110,S2.MDR-T_01-13,0
B6,multihop_kd_gold,111,S3-5_03,0
B6,multihop_kd_gold,112,E5.MDR-A_01-12,0
B6,multihop_kd_gold,113,S3.MDR-T_14-19,0
B6,multihop_kd_gold,114,S4-3_07,0
B6,multihop_kd_gold,115,S2-4_01,0
B6,multihop_kd_gold,116,S3-2_09,0
B6,multihop_kd_gold,117,S4-2_07,0
B6,multihop_kd_gold,118,S2-4_02,0
B6,multihop_kd_gold,119,S3-4_15,0
B6,multihop_kd_gold,120,S4-4_02,0
B6,multihop_kd_gold,121,S3.MDR-A_13-14,0
B6,multihop_kd_gold,122,S2-2_01,0
B6,multihop_kd_gold,123,S3-3_16,0
B6,multihop_kd_gold,124,S2.MDR-A_01-12,0
B6,multihop_kd_gold,125,S4-4_04,0
B6,multihop_kd_gold,126,MDR-A_04,0
B6,multihop_kd_gold,127,S4-2_08,0
B6,multihop_kd_gold,128,S1-4_01,0
B6,multihop_kd_gold,129,S3-4_04,0
B6,multihop_kd_gold,130,S4-5_03,0
B6,multihop_kd_gold,131,MDR-A_01,0
B6,multihop_kd_gold,132,S3-4_03,0
B6,multihop_kd_gold,133,S1.SBM-3_03,0
B6,multihop_kd_gold,134,E4-1_11,0
B6,multihop_kd_gold,135,SBM-3_04,0
B6,multihop_kd_gold,136,S4-4_15,0
B6,multihop_kd_gold,137,S2-3_08,0
B6,multihop_kd_gold,138,S3-3_17,0
B6,multihop_kd_gold,139,S4-4_03,0
B6,multihop_kd_gold,140,S3-4_10,0
B6,multihop_kd_gold,141,S3-2_01,0
B6,multihop_kd_gold,142,S1-3_11,0
B6,multihop_kd_gold,143,E2.IRO-1_03,0
B6,multihop_kd_gold,144,S2-4_11,0
B6,multihop_kd_gold,145,S2.SBM-3_05,0
B6,multihop_kd_gold,146,S4-4_01,0
B6,multihop_kd_gold,147,S3-4_05,0
B6,multihop_kd_gold,148,E4-3_01,0
B6,multihop_kd_gold,149,S4.MDR-T_01-13,0
B6,multihop_kd_gold,150,S3-1_01,0
B6,multihop_kd_gold,151,MDR-T_02,0
B6,multihop_kd_gold,152,S3.MDR-T_01-13,0
B6,multihop_kd_gold,153,E3-2_01,0
B6,multihop_kd_gold,154,E4-2_01,0
B6,multihop_kd_gold,155,MDR-T_07,0
B6,multihop_kd_gold,156,G1-2_02,0
B6,multihop_kd_gold,157,S3.SBM-3_05,0
B6,multihop_kd_gold,158,E1-4_01,0
B6,multihop_kd_gold,159,S4.MDR-A_01-12,0
B6,multihop_kd_gold,160,S3-4_06,0
B6,multihop_kd_gold,161,S3-4_01,0
B6,multihop_kd_gold,162,MDR-T_10,0
B6,multihop_kd_gold,163,E2.MDR-A_01-12,0
B6,multihop_kd_gold,164,S4.SBM-3_05,0
B6,multihop_kd_gold,165,S4-4_06,0
B6,multihop_kd_gold,166,S3.MDR-A_01-12,0
B6,multihop_kd_gold,167,S4-2_01,0
B6,multihop_kd_gold,168,S4-4_05,0
B6,multihop_kd_gold,169,S1-1_10,0
B6,multihop_kd_gold,170,E1-2_01,0
B6,multihop_kd_gold,171,S1-1_13,0
B6,multihop_kd_gold,172,E2-2_01,0
B6,multihop_kd_gold,173,E3.MDR-A_01-12,0
B6,multihop_kd_gold,174,E4-2_02,0
B6,multihop_kd_gold,175,E4.MDR-A_01-12,0
B6,multihop_kd_gold,176,S1-17_08,0
B6,multihop_kd_gold,177,S4.SBM-3_04,0
B6,multihop_kd_gold,178,S4-4_11,0
B6,multihop_kd_gold,179,S3.SBM-3_04,0
B6,multihop_kd_gold,180,S3-4_11,0
B6,multihop_kd_gold,181,E1.MDR-A_01-12,0
B6,multihop_kd_gold,182,E4-5_14,0
B6,multihop_kd_gold,183,S1-1_08,0
B6,multihop_kd_gold,184,S2-1_05,0
B6,multihop_kd_gold,185,E1-4_22,0
B6,multihop_kd_gold,186,MDR-T_05,0
B6,multihop_kd_gold_medium,1,MDR-T_18,0
B6,multihop_kd_gold_medium,2,MDR-P_08,0
B6,multihop_kd_gold_medium,3,MDR-A_14,0
B6,multihop_kd_gold_medium,4,MDR-T_13,1
B6,multihop_kd_gold_medium,5,MDR-T_17,0
B6,multihop_kd_gold_medium,6,S1-4_13,0
B6,multihop_kd_gold_medium,7,BP-2_26,0
B6,multihop_kd_gold_medium,8,MDR-P_09,0
B6,multihop_kd_gold_medium,9,S2-5_06,0
B6,multihop_kd_gold_medium,10,MDR-M_01,0
B6,multihop_kd_gold_medium,11,S4-5_06,0
B6,multihop_kd_gold_medium,12,S1-5_06,0
B6,multihop_kd_gold_medium,13,E1.MDR-T_14-19,0
B6,multihop_kd_gold_medium,14,BP-2_24,0
B6,multihop_kd_gold_medium,15,MDR-T_20,0
B6,multihop_kd_gold_medium,16,S2-4_18,0
B6,multihop_kd_gold_medium,17,S1-4_12,1
B6,multihop_kd_gold_medium,18,E1.MDR-T_01-13,0
B6,multihop_kd_gold_medium,19,MDR-A_15,0
B6,multihop_kd_gold_medium,20,S1-4_20,0
B6,multihop_kd_gold_medium,21,E4-3_10,0
B6,multihop_kd_gold_medium,22,E2.MDR-T_01-13,0
B6,multihop_kd_gold_medium,23,SBM-3_07,0
B6,multihop_kd_gold_medium,24,S4-4_18,0
B6,multihop_kd_gold_medium,25,S1-5_02,0
B6,multihop_kd_gold_medium,26,E4.MDR-T_14-19,0
B6,multihop_kd_gold_medium,27,MDR-T_16,0
B6,multihop_kd_gold_medium,28,E2.MDR-T_14-19,0
B6,multihop_kd_gold_medium,29,E4.MDR-T_01-13,0
B6,multihop_kd_gold_medium,30,E3.MDR-T_14-19,0
B6,multihop_kd_gold_medium,31,E5.IRO-1_01,0
B6,multihop_kd_gold_medium,32,S1-4_09,0
B6,multihop_kd_gold_medium,33,MDR-P_07,0
B6,multihop_kd_gold_medium,34,S3-5_06,0
B6,multihop_kd_gold_medium,35,MDR-T_09,0
B6,multihop_kd_gold_medium,36,S3-4_19,0
B6,multihop_kd_gold_medium,37,S1.MDR-T_14-19,0
B6,multihop_kd_gold_medium,38,E2.MDR-A_13-14,0
B6,multihop_kd_gold_medium,39,BP-2_25,0
B6,multihop_kd_gold_medium,40,E3.MDR-T_01-13,0
B6,multihop_kd_gold_medium,41,E1.MDR-A_13-14,0
B6,multihop_kd_gold_medium,42,S1-5_03,0
B6,multihop_kd_gold_medium,43,S1-2_08,0
B6,multihop_kd_gold_medium,44,E4.MDR-A_13-14,0
B6,multihop_kd_gold_medium,45,E3.MDR-A_13-14,0
B6,multihop_kd_gold_medium,46,E5.MDR-T_14-19,0
B6,multihop_kd_gold_medium,47,G1.MDR-A_01-12,0
B6,multihop_kd_gold_medium,48,S4-4_12,0
B6,multihop_kd_gold_medium,49,S2-4_04,0
B6,multihop_kd_gold_medium,50,E2.MDR-P_07-08,0
B6,multihop_kd_gold_medium,51,E4-1_09,0
B6,multihop_kd_gold_medium,52,S2-4_12,0
B6,multihop_kd_gold_medium,53,G1.MDR-A_13-14,0
B6,multihop_kd_gold_medium,54,S3-4_02,0
B6,multihop_kd_gold_medium,55,E3.MDR-P_07-08,0
B6,multihop_kd_gold_medium,56,MDR-T_21,0
B6,multihop_kd_gold_medium,57,E1.MDR-P_07-08,0
B6,multihop_kd_gold_medium,58,S1.MDR-A_13-14,0
B6,multihop_kd_gold_medium,59,S1-3_10,0
B6,multihop_kd_gold_medium,60,S2-5_02,0
B6,multihop_kd_gold_medium,61,E4.MDR-P_07-08,0
B6,multihop_kd_gold_medium,62,S1-2_09,0
B6,multihop_kd_gold_medium,63,S2.MDR-T_14-19,0
B6,multihop_kd_gold_medium,64,S2-4_15,0
B6,multihop_kd_gold_medium,65,S2-4_03,0
B6,multihop_kd_gold_medium,66,MDR-T_14,0
B6,multihop_kd_gold_medium,67,BP-2_27,0
B6,multihop_kd_gold_medium,68,S2-2_09,0
B6,multihop_kd_gold_medium,69,S2-2_08,0
B6,multihop_kd_gold_medium,70,MDR-A_06,0
B6,multihop_kd_gold_medium,71,E5.MDR-T_01-13,0
B6,multihop_kd_gold_medium,72,S4.MDR-T_14-19,0
B6,multihop_kd_gold_medium,73,S2-4_05,0
B6,multihop_kd_gold_medium,74,S1.MDR-A_01-12,0
B6,multihop_kd_gold_medium,75,G1-3_04,0
B6,multihop_kd_gold_medium,76,G1.MDR-P_07-08,0
B6,multihop_kd_gold_medium,77,SBM-1_21,0
B6,multihop_kd_gold_medium,78,S2-5_03,0
B6,multihop_kd_gold_medium,79,S1.MDR-T_01-13,0
B6,multihop_kd_gold_medium,80,E5.MDR-A_13-14,0
B6,multihop_kd_gold_medium,81,S3-4_12,0
B6,multihop_kd_gold_medium,82,MDR-P_01,0
B6,multihop_kd_gold_medium,83,S1.MDR-P_07-08,0
B6,multihop_kd_gold_medium,84,S2-3_07,0
B6,multihop_kd_gold_medium,85,S2.MDR-P_07-08,0
B6,multihop_kd_gold_medium,86,S2.MDR-A_13-14,0
B6,multihop_kd_gold_medium,87,MDR-T_04,0
B6,multihop_kd_gold_medium,88,S4.MDR-A_13-14,0
B6,multihop_kd_gold_medium,89,E5.MDR-P_07-08,0
B6,multihop_kd_gold_medium,90,S4.MDR-P_07-08,0
B6,multihop_kd_gold_medium,91,S1-4_04,0
B6,multihop_kd_gold_medium,92,S1-4_11,0
B6,multihop_kd_gold_medium,93,MDR-A_05,0
B6,multihop_kd_gold_medium,94,S3.MDR-P_07-08,0
B6,multihop_kd_gold_medium,95,S1-4_02,0
B6,multihop_kd_gold_medium,96,S4-5_02,0
B6,multihop_kd_gold_medium,97,S1.SBM-3_04,0
B6,multihop_kd_gold_medium,98,S1-4_03,0
B6,multihop_kd_gold_medium,99,S1-4_16,0
B6,multihop_kd_gold_medium,100,S3-2_08,0
B6,multihop_kd_gold_medium,101,S1-4_05,0
B6,multihop_kd_gold_medium,102,S2.SBM-3_06,0
B6,multihop_kd_gold_medium,103,S1-4_10,0
B6,multihop_kd_gold_medium,104,S3.MDR-T_14-19,0
B6,multihop_kd_gold_medium,105,S4-3_08,0
B6,multihop_kd_gold_medium,106,MDR-A_13,0
B6,multihop_kd_gold_medium,107,E2-3_09,0
B6,multihop_kd_gold_medium,108,S2.MDR-T_01-13,0
B6,multihop_kd_gold_medium,109,E5.MDR-A_01-12,0
B6,multihop_kd_gold_medium,110,S2-4_06,0
B6,multihop_kd_gold_medium,111,S3-5_02,0
B6,multihop_kd_gold_medium,112,S3.MDR-A_13-14,0
B6,multihop_kd_gold_medium,113,S4-3_07,0
B6,multihop_kd_gold_medium,114,S1-2_01,0
B6,multihop_kd_gold_medium,115,S4-2_07,0
B6,multihop_kd_gold_medium,116,S2-4_01,0
B6,multihop_kd_gold_medium,117,S3-5_03,0
B6,multihop_kd_gold_medium,118,S3-2_09,0
B6,multihop_kd_gold_medium,119,S3-4_15,0
B6,multihop_kd_gold_medium,120,S2-2_01,0
B6,multihop_kd_gold_medium,121,S3-3_16,0
B6,multihop_kd_gold_medium,122,S2.MDR-A_01-12,0
B6,multihop_kd_gold_medium,123,S4-4_02,0
B6,multihop_kd_gold_medium,124,S2-4_02,0
B6,multihop_kd_gold_medium,125,S4-2_08,0
B6,multihop_kd_gold_medium,126,MDR-A_04,0
B6,multihop_kd_gold_medium,127,MDR-A_01,0
B6,multihop_kd_gold_medium,128,S4-4_04,0
B6,multihop_kd_gold_medium,129,S1-4_01,0
B6,multihop_kd_gold_medium,130,E4-1_11,0
B6,multihop_kd_gold_medium,131,S3-4_04,0
B6,multihop_kd_gold_medium,132,S4-5_03,0
B6,multihop_kd_gold_medium,133,S1.SBM-3_03,0
B6,multihop_kd_gold_medium,134,S3-4_03,0
B6,multihop_kd_gold_medium,135,E2.IRO-1_03,0
B6,multihop_kd_gold_medium,136,S2-4_11,0
B6,multihop_kd_gold_medium,137,S4-4_15,0
B6,multihop_kd_gold_medium,138,E4-3_01,0
B6,multihop_kd_gold_medium,139,S2-3_08,0
B6,multihop_kd_gold_medium,140,S4-4_03,0
B6,multihop_kd_gold_medium,141,SBM-3_04,0
B6,multihop_kd_gold_medium,142,S3-3_17,0
B6,multihop_kd_gold_medium,143,S2.SBM-3_05,0
B6,multihop_kd_gold_medium,144,S3-2_01,0
B6,multihop_kd_gold_medium,145,S3-4_10,0
B6,multihop_kd_gold_medium,146,S4-4_01,0
B6,multihop_kd_gold_medium,147,S1-3_11,0
B6,multihop_kd_gold_medium,148,S4.MDR-T_01-13,0
B6,multihop_kd_gold_medium,149,S3-1_01,0
B6,multihop_kd_gold_medium,150,E4-2_01,0
B6,multihop_kd_gold_medium,151,S3-4_05,0
B6,multihop_kd_gold_medium,152,MDR-T_02,0
B6,multihop_kd_gold_medium,153,E3-2_01,0
B6,multihop_kd_gold_medium,154,G1-2_02,0
B6,multihop_kd_gold_medium,155,S3.MDR-T_01-13,0
B6,multihop_kd_gold_medium,156,MDR-T_07,0
B6,multihop_kd_gold_medium,157,E1-4_01,0
B6,multihop_kd_gold_medium,158,S4.MDR-A_01-12,0
B6,multihop_kd_gold_medium,159,MDR-T_10,0
B6,multihop_kd_gold_medium,160,S3-4_01,0
B6,multihop_kd_gold_medium,161,E2.MDR-A_01-12,0
B6,multihop_kd_gold_medium,162,S3.SBM-3_05,0
B6,multihop_kd_gold_medium,163,S3-4_06,0
B6,multihop_kd_gold_medium,164,S3.MDR-A_01-12,0
B6,multihop_kd_gold_medium,165,S4-4_06,0
B6,multihop_kd_gold_medium,166,S4.SBM-3_05,0
B6,multihop_kd_gold_medium,167,S4-2_01,0
B6,multihop_kd_gold_medium,168,E1-2_01,0
B6,multihop_kd_gold_medium,169,S4-4_05,0
B6,multihop_kd_gold_medium,170,S1-1_10,0
B6,multihop_kd_gold_medium,171,E2-2_01,0
B6,multihop_kd_gold_medium,172,S1-1_13,0
B6,multihop_kd_gold_medium,173,E3.MDR-A_01-12,0
B6,multihop_kd_gold_medium,174,E4-2_02,0
B6,multihop_kd_gold_medium,175,E4.MDR-A_01-12,0
B6,multihop_kd_gold_medium,176,S1-17_08,0
B6,multihop_kd_gold_medium,177,S4.SBM-3_04,0
B6,multihop_kd_gold_medium,178,S4-4_11,0
B6,multihop_kd_gold_medium,179,S3.SBM-3_04,0
B6,multihop_kd_gold_medium,180,E1.MDR-A_01-12,0
B6,multihop_kd_gold_medium,181,S3-4_11,0
B6,multihop_kd_gold_medium,182,E4-5_14,0
B6,multihop_kd_gold_medium,183,S1-1_08,0
B6,multihop_kd_gold_medium,184,S2-1_05,0
B6,multihop_kd_gold_medium,185,E1-4_22,0
B6,multihop_kd_gold_medium,186,MDR-T_05,0
P1-E7,direct,1,G1-4_08,1
P1-E7,direct,2,G1-4_02,0
P1-E7,direct,3,G1-4_05,0
P1-E7,direct,4,G1.MDR-A_01-12,0
P1-E7,direct,5,S1-17_05,0
P1-E7,direct,6,S1-17_11,0
P1-E7,direct,7,S1-17_13,0
P1-E7,direct,8,G1-3_04,0
P1-E7,direct,9,G1-4_07,0
P1-E7,direct,10,G1-4_04,0
P1-E7,direct,11,G1-4_06,0
P1-E7,direct,12,GOV-2_02,0
P1-E7,direct,13,GOV-2_01,0
P1-E7,direct,14,G1-4_01,0
P1-E7,direct,15,S1-17_07,0
P1-E7,direct,16,GOV-1_08,0
P1-E7,direct,17,S1-4_02,0
P1-E7,direct,18,S1-3_07,0
P1-E7,direct,19,S1-3_05,0
P1-E7,direct,20,E2-4_17,0
P1-E7,direct,21,S1-3_01,0
P1-E7,direct,22,S3-4_05,0
P1-E7,direct,23,GOV-1_11,0
P1-E7,direct,24,S2-3_04,0
P1-E7,direct,25,S1-1_06,0
P1-E7,direct,26,S4-4_02,0
P1-E7,direct,27,S1-3_09,0
P1-E7,direct,28,S4-3_04,0
P1-E7,direct,29,GOV-1_12,0
P1-E7,direct,30,S3-4_02,0
P1-E7,direct,31,S2-1_04,0
P1-E7,direct,32,S1-5_06,0
P1-E7,direct,33,GOV-1_10,0
P1-E7,direct,34,S3-1_05,0
P1-E7,direct,35,MDR-A_04,0
P1-E7,direct,36,S1-4_10,0
P1-E7,direct,37,S1-4_20,0
P1-E7,direct,38,S4-3_08,0
P1-E7,direct,39,S4-1_05,0
P1-E7,direct,40,S2-4_02,0
P1-E7,direct,41,S2-4_05,0
P1-E7,direct,42,S2-4_11,0
P1-E7,direct,43,S2-4_18,0
P1-E7,direct,44,S1-17_03,0
P1-E7,direct,45,S2-3_06,0
P1-E7,direct,46,S3-4_07,0
P1-E7,direct,47,S4-3_06,0
P1-E7,direct,48,S3-3_10,0
P1-E7,direct,49,G1.GOV-1_02,0
P1-E7,direct,50,S3-4_06,0
P1-E7,direct,51,S3-4_19,0
P1-E7,direct,52,S3-4_01,0
P1-E7,direct,53,S4-4_18,0
P1-E7,direct,54,S2-3_11,0
P1-E7,direct,55,IRO-1_03,0
P1-E7,direct,56,S1-16_03,0
P1-E7,direct,57,S2-3_01,0
P1-E7,direct,58,MDR-P_07,0
P1-E7,direct,59,MDR-A_05,0
P1-E7,direct,60,S4-3_11,0
P1-E7,direct,61,S3-3_13,0
P1-E7,direct,62,S2-5_06,0
P1-E7,direct,63,S1-1_14,0
P1-E7,direct,64,MDR-P_05,0
P1-E7,direct,65,S3-4_10,0
P1-E7,direct,66,S1-1_21,0
P1-E7,direct,67,S1-4_09,0
P1-E7,direct,68,S4-5_06,0
P1-E7,direct,69,MDR-P_06,0
P1-E7,direct,70,S1-4_05,0
P1-E7,direct,71,S2-3_02,0
P1-E7,direct,72,S1-3_11,0
P1-E7,direct,73,S4-1_09,0
P1-E7,direct,74,E4-3_10,0
P1-E7,direct,75,S3-3_15,0
P1-E7,direct,76,S3-4_04,0
P1-E7,direct,77,G1.GOV-1_01,0
P1-E7,direct,78,S2-4_01,0
P1-E7,direct,79,S3-5_06,0
P1-E7,direct,80,S4-3_01,0
P1-E7,direct,81,S1-17_01,0
P1-E7,direct,82,S4-4_01,0
P1-E7,direct,83,S1-3_02,0
P1-E7,direct,84,S1-17_08,0
P1-E7,direct,85,S1-4_12,0
P1-E7,direct,86,S1-4_11,0
P1-E7,direct,87,S1-1_07,0
P1-E7,direct,88,S2-3_08,0
P1-E7,direct,89,S3-3_11,0
P1-E7,direct,90,S3-3_17,0
P1-E7,direct,91,S3.SBM-3_05,0
P1-E7,direct,92,S2-4_12,0
P1-E7,direct,93,S2-1_11,0
P1-E7,direct,94,S1-4_01,0
P1-E7,direct,95,S3-4_11,0
P1-E7,direct,96,G1-3_03,0
P1-E7,direct,97,S1.MDR-A_13-14,0
P1-E7,direct,98,IRO-1_04,0
P1-E7,direct,99,S3-1_09,0
P1-E7,direct,100,S2-4_06,0
P1-E7,direct,101,MDR-P_02,0
P1-E7,direct,102,S1-2_14,0
P1-E7,direct,103,S3-4_12,0
P1-E7,direct,104,S2-4_15,0
P1-E7,direct,105,BP-2_26,0
P1-E7,direct,106,S1.MDR-P_07-08,0
P1-E7,direct,107,SBM-3_11,0
P1-E7,direct,108,S3-3_14,0
P1-E7,direct,109,S1-3_10,0
P1-E7,direct,110,S4-4_11,0
P1-E7,direct,111,S3.MDR-P_07-08,0
P1-E7,direct,112,S4-4_07,0
P1-E7,direct,113,S4.MDR-P_07-08,0
P1-E7,direct,114,S3-2_01,0
P1-E7,direct,115,IRO-1_05,0
P1-E7,direct,116,S2-5_02,0
P1-E7,direct,117,S4-4_12,0
P1-E7,direct,118,GOV-3_02,0
P1-E7,direct,119,S2.MDR-P_07-08,0
P1-E7,direct,120,S3-1_06,0
P1-E7,direct,121,S2-4_07,0
P1-E7,direct,122,MDR-P_01,0
P1-E7,direct,123,E1.MDR-P_07-08,0
P1-E7,direct,124,S3-3_20,0
P1-E7,direct,125,E4.MDR-A_13-14,0
P1-E7,direct,126,S2-1_08,0
P1-E7,direct,127,S4.MDR-A_13-14,0
P1-E7,direct,128,MDR-P_03,0
P1-E7,direct,129,E4.MDR-P_07-08,0
P1-E7,direct,130,SBM-2_06,0
P1-E7,direct,131,S2-3_07,0
P1-E7,direct,132,E1.GOV-3_03,0
P1-E7,direct,133,S2.SBM-3_06,0
P1-E7,direct,134,S2.MDR-A_13-14,0
P1-E7,direct,135,SBM-3_07,0
P1-E7,direct,136,GOV-1_03,0
P1-E7,direct,137,S4-3_02,0
P1-E7,direct,138,MDR-A_13,0
P1-E7,direct,139,G1.MDR-A_13-14,0
P1-E7,direct,140,S1-17_02,0
P1-E7,direct,141,S1-3_06,0
P1-E7,direct,142,S2-3_05,0
P1-E7,direct,143,G1.MDR-P_07-08,0
P1-E7,direct,144,E2.MDR-A_13-14,0
P1-E7,direct,145,S3-1_01,0
P1-E7,direct,146,E3.MDR-P_07-08,0
P1-E7,direct,147,E2.MDR-P_07-08,0
P1-E7,direct,148,S1.SBM-3_04,0
P1-E7,direct,149,E3.MDR-A_13-14,0
P1-E7,direct,150,S2-3_03,0
P1-E7,direct,151,S4-4_05,0
P1-E7,direct,152,E2-4_10,0
P1-E7,direct,153,IRO-1_01,0
P1-E7,direct,154,E1.GOV-3_01,0
P1-E7,direct,155,S3.MDR-A_01-12,0
P1-E7,direct,156,SBM-3_04,0
P1-E7,direct,157,E1.MDR-A_13-14,0
P1-E7,direct,158,S3-2_08,0
P1-E7,direct,159,E5.MDR-P_07-08,0
P1-E7,direct,160,S3.MDR-A_13-14,0
P1-E7,direct,161,S2-5_03,0
P1-E7,direct,162,E5.MDR-A_13-14,0
P1-E7,direct,163,S4-3_03,0
P1-E7,direct,164,S3-4_13,0
P1-E7,direct,165,S1-6_16,0
P1-E7,direct,166,S2-4_04,0
P1-E7,direct,167,MDR-P_08,0
P1-E7,direct,168,GOV-1_04,0
P1-E7,direct,169,S3-4_03,0
P1-E7,direct,170,SBM-1_05,0
P1-E7,direct,171,S1-7_09,0
P1-E7,direct,172,S2-3_09,0
P1-E7,direct,173,S3-3_16,0
P1-E7,direct,174,MDR-A_14,0
P1-E7,direct,175,S1-14_06,0
P1-E7,direct,176,S1.MDR-A_01-12,0
P1-E7,direct,177,E4-1_09,0
P1-E7,direct,178,S1-3_08,0
P1-E7,direct,179,S1-14_05,0
P1-E7,direct,180,GOV-3_03,0
P1-E7,direct,181,S1-12_01,0
P1-E7,direct,182,S2-3_12,0
P1-E7,direct,183,S3-4_15,0
P1-E7,direct,184,S1-1_09,0
P1-E7,direct,185,E3.IRO-1_02,0
P1-E7,direct,186,S1-7_06,0
P1-E7,direct,187,S3-1_02,0
P1-E7,direct,188,S3-2_09,0
P1-E7,direct,189,S3-3_12,0
P1-E7,direct,190,S1-14_04,0
P1-E7,direct,191,MDR-A_01,0
P1-E7,direct,192,S4-4_06,0
P1-E7,direct,193,S2-2_02,0
P1-E7,direct,194,S1-2_10,0
P1-E7,direct,195,S4-4_04,0
P1-E7,direct,196,S3-2_06,0
P1-E7,direct,197,SBM-3_09,0
P1-E7,direct,198,MDR-A_15,0
P1-E7,direct,199,S1-11_07,0
P1-E7,direct,200,S4.SBM-3_05,0
P1-E7,direct,201,S4-3_05,0
P1-E7,direct,202,S3-2_02,0
P1-E7,direct,203,S1-6_13,0
P1-E7,direct,204,S3-3_18,0
P1-E7,direct,205,G1.MDR-P_01-06,0
P1-E7,direct,206,MDR-T_17,0
P1-E7,direct,207,S1-5_02,0
P1-E7,direct,208,S4-1_06,0
P1-E7,direct,209,S3-5_03,0
P1-E7,direct,210,S1-2_12,0
P1-E7,direct,211,MDR-A_06,0
P1-E7,direct,212,S3-2_05,0
P1-E7,direct,213,S1-14_08,0
P1-E7,direct,214,S1-1_10,0
P1-E7,direct,215,S1-5_03,0
P1-E7,direct,216,S2-4_03,0
P1-E7,direct,217,S3.SBM-3_04,0
P1-E7,direct,218,S3-5_02,0
P1-E7,direct,219,S1-3_04,0
P1-E7,direct,220,S1.SBM-3_03,0
P1-E7,direct,221,S1-11_09,0
P1-E7,direct,222,S4-3_13,0
P1-E7,direct,223,S4-1_01,0
P1-E7,direct,224,S2-1_03,0
P1-E7,direct,225,S2-2_07,0
P1-E7,direct,226,S4-3_07,0
P1-E7,direct,227,S4-2_09,0
P1-E7,direct,228,S4-3_09,0
P1-E7,direct,229,S1-1_01,0
P1-E7,direct,230,IRO-1_02,0
P1-E7,direct,231,IRO-1_06,0
P1-E7,direct,232,G1-5_11,0
P1-E7,direct,233,SBM-2_03,0
P1-E7,direct,234,S1-4_03,0
P1-E7,direct,235,S1-4_16,0
P1-E7,direct,236,S2.SBM-3_05,0
P1-E7,direct,237,SBM-3_08,0
P1-E7,direct,238,E3-4_06,0
P1-E7,direct,239,S1-2_03,0
P1-E7,direct,240,S1-4_04,0
P1-E7,direct,241,S1-4_13,0
P1-E7,direct,242,S2-2_09,0
P1-E7,direct,243,S3-1_04,0
P1-E7,direct,244,S4-1_02,0
P1-E7,direct,245,E2-3_09,0
P1-E7,direct,246,S1-6_08,0
P1-E7,direct,247,S2-2_08,0
P1-E7,direct,248,S2.MDR-A_01-12,0
P1-E7,direct,249,S2-2_06,0
P1-E7,direct,250,S2-2_01,0
P1-E7,direct,251,SBM-2_05,0
P1-E7,direct,252,SBM-1_08,0
P1-E7,direct,253,S4-2_03,0
P1-E7,direct,254,MDR-M_01,0
P1-E7,direct,255,S1-1_13,0
P1-E7,direct,256,S1-4_14,0
P1-E7,direct,257,S4.MDR-A_01-12,0
P1-E7,direct,258,E2.IRO-1_03,0
P1-E7,direct,259,MDR-P_09,0
P1-E7,direct,260,S4-2_07,0
P1-E7,direct,261,S3-2_03,0
P1-E7,direct,262,E4-5_06,0
P1-E7,direct,263,S2-1_06,0
P1-E7,direct,264,S2-1_01,0
P1-E7,direct,265,E1.MDR-T_01-13,0
P1-E7,direct,266,S1-1_12,0
P1-E7,direct,267,SBM-2_01,0
P1-E7,direct,268,S2-4_13,0
P1-E7,direct,269,SBM-2_04,0
P1-E7,direct,270,E4.MDR-T_01-13,0
P1-E7,direct,271,S2-2_03,0
P1-E7,direct,272,E1.MDR-T_14-19,0
P1-E7,direct,273,E5.IRO-1_01,0
P1-E7,direct,274,S1-2_09,0
P1-E7,direct,275,S1-2_08,0
P1-E7,direct,276,E5-5_03,0
P1-E7,direct,277,S4-5_02,0
P1-E7,direct,278,S1-2_01,0
P1-E7,direct,279,S4-4_03,0
P1-E7,direct,280,S4-4_13,0
P1-E7,direct,281,G1-1_10,0
P1-E7,direct,282,GOV-1_16,0
P1-E7,direct,283,E5.MDR-T_01-13,0
P1-E7,direct,284,S1-11_11,0
P1-E7,direct,285,S1-2_07,0
P1-E7,direct,286,E2.MDR-T_01-13,0
P1-E7,direct,287,S1-6_07,0
P1-E7,direct,288,SBM-2_12,0
P1-E7,direct,289,GOV-3_04,0
P1-E7,direct,290,SBM-3_02,0
P1-E7,direct,291,E5-2_05,0
P1-E7,direct,292,E3-2_02,0
P1-E7,direct,293,E3.MDR-T_01-13,0
P1-E7,direct,294,S1.MDR-T_14-19,0
P1-E7,direct,295,S4-4_15,0
P1-E7,direct,296,S4-2_01,0
P1-E7,direct,297,E3.IRO-1_01,0
P1-E7,direct,298,S3.MDR-T_01-13,0
P1-E7,direct,299,GOV-3_01,0
P1-E7,direct,300,MDR-T_21,0
P1-E7,direct,301,S1-14_07,0
P1-E7,direct,302,E2.MDR-A_01-12,0
P1-E7,direct,303,S1-1_03,0
P1-E7,direct,304,MDR-T_14,0
P1-E7,direct,305,S1-14_03,0
P1-E7,direct,306,E3-3_08,0
P1-E7,direct,307,E2.MDR-T_14-19,0
P1-E7,direct,308,S1-1_05,0
P1-E7,direct,309,S3-3_21,0
P1-E7,direct,310,IRO-1_14,0
P1-E7,direct,311,E4.MDR-T_14-19,0
P1-E7,direct,312,SBM-3_01,0
P1-E7,direct,313,S1-7_10,0
P1-E7,direct,314,S4.SBM-3_04,0
P1-E7,direct,315,S2.MDR-T_14-19,0
P1-E7,direct,316,S4-2_08,0
P1-E7,direct,317,S1-14_09,0
P1-E7,direct,318,E4-2_01,0
P1-E7,direct,319,GOV-1_17,0
P1-E7,direct,320,E5.MDR-T_14-19,0
P1-E7,direct,321,E4-5_07,0
P1-E7,direct,322,BP-2_25,0
P1-E7,direct,323,S4.MDR-T_14-19,0
P1-E7,direct,324,S1-1_08,0
P1-E7,direct,325,E3.MDR-T_14-19,0
P1-E7,direct,326,S4-5_03,0
P1-E7,direct,327,S1-7_05,0
P1-E7,direct,328,S1-2_06,0
P1-E7,direct,329,E2-4_01,0
P1-E7,direct,330,S3.MDR-T_14-19,0
P1-E7,direct,331,BP-2_23,0
P1-E7,direct,332,MDR-T_09,0
P1-E7,direct,333,S4-3_12,0
P1-E7,direct,334,MDR-T_16,0
P1-E7,direct,335,S1-2_02,0
P1-E7,direct,336,S1-11_10,0
P1-E7,direct,337,SBM-2_02,0
P1-E7,direct,338,S1-8_04,0
P1-E7,direct,339,S1-11_06,0
P1-E7,direct,340,S1-2_11,0
P1-E7,direct,341,E2-4_09,0
P1-E7,direct,342,S4-2_02,0
P1-E7,direct,343,MDR-T_13,0
P1-E7,direct,344,SBM-1_23,0
P1-E7,direct,345,E4-5_18,0
P1-E7,direct,346,E5-5_17,0
P1-E7,direct,347,SBM-1_28,0
P1-E7,direct,348,S2-1_05,0
P1-E7,direct,349,S3-4_17,0
P1-E7,direct,350,BP-2_21,0
P1-E7,direct,351,E2-4_15,0
P1-E7,direct,352,E1-6_26,0
P1-E7,direct,353,S4-2_06,0
P1-E7,direct,354,SBM-1_02,0
P1-E7,direct,355,E5.MDR-A_01-12,0
P1-E7,direct,356,E5-2_08,0
P1-E7,direct,357,S1.MDR-T_01-13,0
P1-E7,direct,358,E4-3_01,0
P1-E7,direct,359,S1-10_01,0
P1-E7,direct,360,E4-5_14,0
P1-E7,direct,361,S1-8_08,0
P1-E7,direct,362,E2-3_06,0
P1-E7,direct,363,MDR-T_04,0
P1-E7,direct,364,S1-14_12,0
P1-E7,direct,365,E4-3_15,0
P1-E7,direct,366,S4-1_04,0
P1-E7,direct,367,S1-11_01,0
P1-E7,direct,368,E2-2_01,0
P1-E7,direct,369,E4.IRO-1_15,0
P1-E7,direct,370,S1-14_02,0
P1-E7,direct,371,S1-7_08,0
P1-E7,direct,372,SBM-1_25,0
P1-E7,direct,373,SBM-1_01,0
P1-E7,direct,374,E5-5_18,0
P1-E7,direct,375,GOV-1_02,0
P1-E7,direct,376,E3-2_01,0
P1-E7,direct,377,E3.MDR-A_01-12,0
P1-E7,direct,378,E2-3_05,0
P1-E7,direct,379,S2.MDR-T_01-13,0
P1-E7,direct,380,S1-6_15,0
P1-E7,direct,381,BP-2_27,0
P1-E7,direct,382,S4.MDR-T_01-13,0
P1-E7,direct,383,E4-3_14,0
P1-E7,direct,384,SBM-1_07,0
P1-E7,direct,385,BP-1_04,0
P1-E7,direct,386,E4-1_11,0
P1-E7,direct,387,GOV-1_07,0
P1-E7,direct,388,S1-6_14,0
P1-E7,direct,389,GOV-1_01,0
P1-E7,direct,390,E4-5_09,0
P1-E7,direct,391,S1-11_03,0
P1-E7,direct,392,SBM-1_17,0
P1-E7,direct,393,E4-2_02,0
P1-E7,direct,394,E5-5_09,0
P1-E7,direct,395,E3-3_04,0
P1-E7,direct,396,E5-2_06,0
P1-E7,direct,397,S4-2_05,0
P1-E7,direct,398,E1-6_27,0
P1-E7,direct,399,BP-2_22,0
P1-E7,direct,400,E1-4_01,0
P1-E7,direct,401,E5-2_07,0
P1-E7,direct,402,E1-4_06,0
P1-E7,direct,403,GOV-1_05,0
P1-E7,direct,404,MDR-T_18,0
P1-E7,direct,405,E1-6_04,0
P1-E7,direct,406,S1-6_12,0
P1-E7,direct,407,BP-1_02,0
P1-E7,direct,408,MDR-T_20,0
P1-E7,direct,409,S1-7_07,0
P1-E7,direct,410,S1-6_04,0
P1-E7,direct,411,SBM-1_06,0
P1-E7,direct,412,E1-4_15,0
P1-E7,direct,413,S1-11_04,0
P1-E7,direct,414,E4.MDR-A_01-12,0
P1-E7,direct,415,E3-4_05,0
P1-E7,direct,416,E5-5_08,0
P1-E7,direct,417,S1-10_02,0
P1-E7,direct,418,SBM-1_09,0
P1-E7,direct,419,E1-6_11,0
P1-E7,direct,420,S1-11_05,0
P1-E7,direct,421,S1-6_01,0
P1-E7,direct,422,MDR-T_10,0
P1-E7,direct,423,E1-4_09,0
P1-E7,direct,424,GOV-1_06,0
P1-E7,direct,425,E5-5_15,0
P1-E7,direct,426,S1-10_03,0
P1-E7,direct,427,MDR-T_07,0
P1-E7,direct,428,E1-6_07,0
P1-E7,direct,429,E1.SBM-3_01,0
P1-E7,direct,430,S1-13_02,0
P1-E7,direct,431,S1-6_11,0
P1-E7,direct,432,S1-16_01,0
P1-E7,direct,433,S1-10_04,0
P1-E7,direct,434,S1-7_03,0
P1-E7,direct,435,S1-9_03,0
P1-E7,direct,436,E1-6_01,0
P1-E7,direct,437,S1-13_06,0
P1-E7,direct,438,S1-1_22,0
P1-E7,direct,439,SBM-1_15,0
P1-E7,direct,440,E5-2_02,0
P1-E7,direct,441,E1-4_12,0
P1-E7,direct,442,S1-13_05,0
P1-E7,direct,443,S1-9_05,0
P1-E7,direct,444,E5-2_03,0
P1-E7,direct,445,MDR-T_02,0
P1-E7,direct,446,S1-6_18,0
P1-E7,direct,447,E1-9_41,0
P1-E7,direct,448,E4-5_08,0
P1-E7,direct,449,E1.MDR-A_01-12,0
P1-E7,direct,450,G1-2_02,0
P1-E7,direct,451,E1-2_01,0
P1-E7,direct,452,E3-4_12,0
P1-E7,direct,453,S1-16_04,0
P1-E7,direct,454,BP-1_01,0
P1-E7,direct,455,E1-6_28,0
P1-E7,direct,456,E1-4_25,0
P1-E7,direct,457,E1-6_31,0
P1-E7,direct,458,S1-15_02,0
P1-E7,direct,459,S1-9_04,0
P1-E7,direct,460,E1-4_03,0
P1-E7,direct,461,E1-6_30,0
P1-E7,direct,462,S1-6_09,0
P1-E7,direct,463,S1-8_01,0
P1-E7,direct,464,E1-9_01,0
P1-E7,direct,465,S1-15_01,0
P1-E7,direct,466,E1-9_02,0
P1-E7,direct,467,E3-4_11,0
P1-E7,direct,468,SBM-1_21,0
P1-E7,direct,469,S1-8_03,0
P1-E7,direct,470,S1-16_02,0
P1-E7,direct,471,BP-2_24,0
P1-E7,direct,472,E2-4_02,0
P1-E7,direct,473,E5-5_16,0
P1-E7,direct,474,E3-4_02,0
P1-E7,direct,475,E1-6_17,0
P1-E7,direct,476,S1-6_10,0
P1-E7,direct,477,S1-6_06,0
P1-E7,direct,478,S1-6_03,0
P1-E7,direct,479,E1-9_03,0
P1-E7,direct,480,SBM-1_19,0
P1-E7,direct,481,S1-9_02,0
P1-E7,direct,482,S1-6_02,0
P1-E7,direct,483,E1-9_14,0
P1-E7,direct,484,S1-16_05,0
P1-E7,direct,485,S1-7_02,0
P1-E7,direct,486,S1-7_01,0
P1-E7,direct,487,S1-13_01,0
P1-E7,direct,488,E3-4_01,0
P1-E7,direct,489,S1-15_03,0
P1-E7,direct,490,E1-9_42,0
P1-E7,direct,491,SBM-1_04,0
P1-E7,direct,492,S1-9_01,0
P1-E7,direct,493,S1-6_05,0
P1-E7,direct,494,E1-5_14,0
P1-E7,direct,495,E1-5_07,0
P1-E7,direct,496,E5-4_05,0
P1-E7,direct,497,SBM-1_03,0
P1-E7,direct,498,S1-8_02,0
P1-E7,direct,499,S1-6_19,0
P1-E7,direct,500,S1-6_20,0
P1-E7,direct,501,E1-5_18,0
P1-E7,direct,502,S1-13_04,0
P1-E7,direct,503,E1-5_10,0
P1-E7,direct,504,E1-3_03,0
P1-E7,direct,505,S1-13_03,0
P1-E7,direct,506,MDR-T_05,0
P1-E7,direct,507,E5-5_07,0
P1-E7,direct,508,E1-5_11,0
P1-E7,direct,509,E1-5_01,0
P1-E7,direct,510,E1-4_22,0
P1-E7,direct,511,E1-5_12,0
P1-E7,direct,512,E1-5_06,0
P1-E7,direct,513,E1-5_13,0
P1-E7,direct,514,E1-5_05,0
P1-E7,direct,515,E1-5_02,0
P1-E7,direct,516,E1-5_03,0
P1-E7,direct,517,E1-5_08,0
P1-E7,symbolic_multihop,1,G1-4_08,1
P1-E7,symbolic_multihop,2,G1-4_05,0
P1-E7,symbolic_multihop,3,G1-4_07,0
P1-E7,symbolic_multihop,4,G1-4_04,0
P1-E7,symbolic_multihop,5,G1-4_06,0
P1-E7,multihop_kd_gold,1,G1-4_08,1
P1-E7,multihop_kd_gold,2,G1-4_05,0
P1-E7,multihop_kd_gold,3,G1-4_07,0
P1-E7,multihop_kd_gold,4,G1-4_04,0
P1-E7,multihop_kd_gold,5,G1-4_06,0
P1-E7,multihop_kd_gold_medium,1,G1-4_08,1
P1-E7,multihop_kd_gold_medium,2,G1-4_05,0
P1-E7,multihop_kd_gold_medium,3,G1-4_07,0
P1-E7,multihop_kd_gold_medium,4,G1-4_04,0
P1-E7,multihop_kd_gold_medium,5,G1-4_06,0
P5-E2,direct,1,S1-16_05,1
P5-E2,direct,2,S1-16_04,1
P5-E2,direct,3,S1-16_01,1
P5-E2,direct,4,S1-10_01,0
P5-E2,direct,5,S1-10_02,0
P5-E2,direct,6,S1-10_03,0
P5-E2,direct,7,S1-7_01,0
P5-E2,direct,8,S1-10_04,1
P5-E2,direct,9,S1-6_01,0
P5-E2,direct,10,S1-9_01,0
P5-E2,direct,11,S1-6_07,0
P5-E2,direct,12,S1-7_02,0
P5-E2,direct,13,S1-9_02,0
P5-E2,direct,14,GOV-1_03,0
P5-E2,direct,15,S1-7_03,0
P5-E2,direct,16,S1-6_09,0
P5-E2,direct,17,S1-11_06,0
P5-E2,direct,18,S1-6_05,0
P5-E2,direct,19,S1-6_06,0
P5-E2,direct,20,S1-16_02,0
P5-E2,direct,21,S1-13_01,0
P5-E2,direct,22,S1-6_10,0
P5-E2,direct,23,S1-6_19,0
P5-E2,direct,24,S1-13_04,0
P5-E2,direct,25,S1-6_20,0
P5-E2,direct,26,S1-6_15,0
P5-E2,direct,27,S1-15_03,0
P5-E2,direct,28,S1-6_03,0
P5-E2,direct,29,S1-6_08,0
P5-E2,direct,30,S1-7_10,0
P5-E2,direct,31,S1-7_09,0
P5-E2,direct,32,S1-6_04,0
P5-E2,direct,33,S1-7_08,0
P5-E2,direct,34,S1-8_04,0
P5-E2,direct,35,S1-13_03,0
P5-E2,direct,36,S1-8_01,0
P5-E2,direct,37,S1-11_10,0
P5-E2,direct,38,S1-6_02,0
P5-E2,direct,39,S1-11_04,0
P5-E2,direct,40,GOV-1_05,0
P5-E2,direct,41,S1-6_14,0
P5-E2,direct,42,S1-11_05,0
P5-E2,direct,43,S1-9_03,0
P5-E2,direct,44,S1-11_01,0
P5-E2,direct,45,S1-7_07,0
P5-E2,direct,46,SBM-1_04,0
P5-E2,direct,47,S1-17_08,0
P5-E2,direct,48,S1-14_07,0
P5-E2,direct,49,S1-9_04,0
P5-E2,direct,50,S1-17_11,0
P5-E2,direct,51,S1-1_03,0
P5-E2,direct,52,S1-11_09,0
P5-E2,direct,53,S1-6_18,0
P5-E2,direct,54,S1-11_07,0
P5-E2,direct,55,S1-11_03,0
P5-E2,direct,56,S1-6_11,0
P5-E2,direct,57,SBM-1_03,0
P5-E2,direct,58,S1-13_06,0
P5-E2,direct,59,S1-11_11,0
P5-E2,direct,60,S1-14_09,0
P5-E2,direct,61,S1-14_02,0
P5-E2,direct,62,GOV-3_01,0
P5-E2,direct,63,S1-9_05,0
P5-E2,direct,64,S1-6_12,0
P5-E2,direct,65,S1-7_06,0
P5-E2,direct,66,S1-6_16,0
P5-E2,direct,67,S1-1_01,0
P5-E2,direct,68,S1-7_05,0
P5-E2,direct,69,E1-6_04,0
P5-E2,direct,70,GOV-1_06,0
P5-E2,direct,71,E1.GOV-3_01,0
P5-E2,direct,72,S1-8_02,0
P5-E2,direct,73,S1-6_13,0
P5-E2,direct,74,S1-17_07,0
P5-E2,direct,75,SBM-1_06,0
P5-E2,direct,76,E1-6_01,0
P5-E2,direct,77,S1-15_01,0
P5-E2,direct,78,S1-15_02,0
P5-E2,direct,79,S1-14_04,0
P5-E2,direct,80,S1-14_06,0
P5-E2,direct,81,E1.GOV-3_03,0
P5-E2,direct,82,S1-2_01,0
P5-E2,direct,83,S1-2_12,0
P5-E2,direct,84,GOV-3_02,0
P5-E2,direct,85,S1-4_16,0
P5-E2,direct,86,S1-17_03,0
P5-E2,direct,87,MDR-P_03,0
P5-E2,direct,88,S1-14_03,0
P5-E2,direct,89,S1-12_01,0
P5-E2,direct,90,S1-3_04,0
P5-E2,direct,91,S1-2_11,0
P5-E2,direct,92,S1-8_03,0
P5-E2,direct,93,S1-14_08,0
P5-E2,direct,94,S1-3_05,0
P5-E2,direct,95,GOV-1_02,0
P5-E2,direct,96,GOV-1_12,0
P5-E2,direct,97,S1-13_02,0
P5-E2,direct,98,GOV-1_01,0
P5-E2,direct,99,S2-1_01,0
P5-E2,direct,100,S1-5_02,0
P5-E2,direct,101,S1-13_05,0
P5-E2,direct,102,S1-14_05,0
P5-E2,direct,103,S1.MDR-T_01-13,0
P5-E2,direct,104,S1-3_08,0
P5-E2,direct,105,S1-1_05,0
P5-E2,direct,106,G1-5_11,0
P5-E2,direct,107,GOV-3_04,0
P5-E2,direct,108,S1-1_12,0
P5-E2,direct,109,S1-17_05,0
P5-E2,direct,110,S1-4_05,0
P5-E2,direct,111,S1-17_02,0
P5-E2,direct,112,S1-17_01,0
P5-E2,direct,113,S1-4_01,0
P5-E2,direct,114,SBM-1_07,0
P5-E2,direct,115,S1-5_03,0
P5-E2,direct,116,G1.GOV-1_01,0
P5-E2,direct,117,MDR-P_01,0
P5-E2,direct,118,E1-6_31,0
P5-E2,direct,119,S1-4_03,0
P5-E2,direct,120,S4-3_13,0
P5-E2,direct,121,S1-2_07,0
P5-E2,direct,122,E1-6_07,0
P5-E2,direct,123,S1.MDR-A_01-12,0
P5-E2,direct,124,S1-2_02,0
P5-E2,direct,125,E1-6_30,0
P5-E2,direct,126,S2-3_09,0
P5-E2,direct,127,GOV-3_03,0
P5-E2,direct,128,S1-1_21,0
P5-E2,direct,129,GOV-2_01,0
P5-E2,direct,130,S2-1_03,0
P5-E2,direct,131,G1-4_06,0
P5-E2,direct,132,S1-8_08,0
P5-E2,direct,133,S1-14_12,0
P5-E2,direct,134,G1-3_03,0
P5-E2,direct,135,S1-2_06,0
P5-E2,direct,136,S1-3_02,0
P5-E2,direct,137,E1-4_15,0
P5-E2,direct,138,S1-4_04,0
P5-E2,direct,139,S1-3_01,0
P5-E2,direct,140,E1-4_03,0
P5-E2,direct,141,S1.SBM-3_04,0
P5-E2,direct,142,S1-2_08,0
P5-E2,direct,143,G1.GOV-1_02,0
P5-E2,direct,144,G1.MDR-P_01-06,0
P5-E2,direct,145,S2.MDR-T_01-13,0
P5-E2,direct,146,E1-4_06,0
P5-E2,direct,147,E1-6_11,0
P5-E2,direct,148,S1-5_06,0
P5-E2,direct,149,S1.SBM-3_03,0
P5-E2,direct,150,G1-1_10,0
P5-E2,direct,151,MDR-P_02,0
P5-E2,direct,152,GOV-1_08,0
P5-E2,direct,153,GOV-1_07,0
P5-E2,direct,154,GOV-2_02,0
P5-E2,direct,155,S4-1_09,0
P5-E2,direct,156,E5.MDR-A_01-12,0
P5-E2,direct,157,S2-4_04,0
P5-E2,direct,158,S1-1_14,0
P5-E2,direct,159,E5-5_16,0
P5-E2,direct,160,E1-5_01,0
P5-E2,direct,161,S2-2_01,0
P5-E2,direct,162,E5-5_15,0
P5-E2,direct,163,E3-4_01,0
P5-E2,direct,164,E1.MDR-P_07-08,0
P5-E2,direct,165,BP-2_27,0
P5-E2,direct,166,MDR-T_02,0
P5-E2,direct,167,S1-1_09,0
P5-E2,direct,168,E2.MDR-P_07-08,0
P5-E2,direct,169,G1.MDR-P_07-08,0
P5-E2,direct,170,MDR-A_06,0
P5-E2,direct,171,MDR-P_05,0
P5-E2,direct,172,S2-3_02,0
P5-E2,direct,173,GOV-1_04,0
P5-E2,direct,174,S2.MDR-A_01-12,0
P5-E2,direct,175,S2-4_06,0
P5-E2,direct,176,E5-2_08,0
P5-E2,direct,177,E4.MDR-P_07-08,0
P5-E2,direct,178,S1-1_08,0
P5-E2,direct,179,E1-4_12,0
P5-E2,direct,180,S2-5_06,0
P5-E2,direct,181,E1-5_14,0
P5-E2,direct,182,S4-5_06,0
P5-E2,direct,183,S2-1_05,0
P5-E2,direct,184,S2-2_06,0
P5-E2,direct,185,S1.MDR-P_07-08,0
P5-E2,direct,186,S2-3_05,0
P5-E2,direct,187,E1-5_07,0
P5-E2,direct,188,E1-4_09,0
P5-E2,direct,189,S2-1_11,0
P5-E2,direct,190,BP-2_25,0
P5-E2,direct,191,IRO-1_14,0
P5-E2,direct,192,SBM-3_08,0
P5-E2,direct,193,S2-4_05,0
P5-E2,direct,194,MDR-T_05,0
P5-E2,direct,195,MDR-P_09,0
P5-E2,direct,196,S2-4_15,0
P5-E2,direct,197,S1-16_03,0
P5-E2,direct,198,E5-5_09,0
P5-E2,direct,199,MDR-A_05,0
P5-E2,direct,200,S2-3_12,0
P5-E2,direct,201,E3.MDR-P_07-08,0
P5-E2,direct,202,MDR-P_07,0
P5-E2,direct,203,E5.MDR-P_07-08,0
P5-E2,direct,204,E5-2_06,0
P5-E2,direct,205,E1-5_18,0
P5-E2,direct,206,S1-17_13,0
P5-E2,direct,207,S2.MDR-P_07-08,0
P5-E2,direct,208,S1-1_10,0
P5-E2,direct,209,S2.SBM-3_06,0
P5-E2,direct,210,E3.IRO-1_02,0
P5-E2,direct,211,S2.SBM-3_05,0
P5-E2,direct,212,S4.MDR-P_07-08,0
P5-E2,direct,213,S1-1_06,0
P5-E2,direct,214,E5-5_17,0
P5-E2,direct,215,S2-4_01,0
P5-E2,direct,216,S1-1_13,0
P5-E2,direct,217,E1-5_11,0
P5-E2,direct,218,S4-1_05,0
P5-E2,direct,219,S2-2_08,0
P5-E2,direct,220,E5-5_07,0
P5-E2,direct,221,S2-2_07,0
P5-E2,direct,222,SBM-1_02,0
P5-E2,direct,223,S1-2_09,0
P5-E2,direct,224,E2-4_02,0
P5-E2,direct,225,G1-4_08,0
P5-E2,direct,226,S2-1_04,0
P5-E2,direct,227,SBM-1_25,0
P5-E2,direct,228,S2-4_03,0
P5-E2,direct,229,E4-1_09,0
P5-E2,direct,230,MDR-P_08,0
P5-E2,direct,231,S1-2_14,0
P5-E2,direct,232,E5-2_02,0
P5-E2,direct,233,E1-5_03,0
P5-E2,direct,234,E5-5_08,0
P5-E2,direct,235,E1-9_01,0
P5-E2,direct,236,G1-4_07,0
P5-E2,direct,237,S4-1_02,0
P5-E2,direct,238,BP-2_22,0
P5-E2,direct,239,E1-6_27,0
P5-E2,direct,240,S3.MDR-P_07-08,0
P5-E2,direct,241,S1-4_12,0
P5-E2,direct,242,S1-4_20,0
P5-E2,direct,243,S1-4_14,0
P5-E2,direct,244,S1-4_09,0
P5-E2,direct,245,SBM-3_09,0
P5-E2,direct,246,E2-4_10,0
P5-E2,direct,247,S4-4_18,0
P5-E2,direct,248,MDR-M_01,0
P5-E2,direct,249,G1-4_04,0
P5-E2,direct,250,E1-5_05,0
P5-E2,direct,251,E1.MDR-T_14-19,0
P5-E2,direct,252,S3-1_09,0
P5-E2,direct,253,S2-4_18,0
P5-E2,direct,254,E4-5_18,0
P5-E2,direct,255,E1-5_06,0
P5-E2,direct,256,E1-5_10,0
P5-E2,direct,257,MDR-T_14,0
P5-E2,direct,258,E1-9_42,0
P5-E2,direct,259,MDR-P_06,0
P5-E2,direct,260,GOV-1_16,0
P5-E2,direct,261,E1-5_02,0
P5-E2,direct,262,S2-2_09,0
P5-E2,direct,263,SBM-1_01,0
P5-E2,direct,264,BP-1_02,0
P5-E2,direct,265,MDR-T_18,0
P5-E2,direct,266,E1-4_01,0
P5-E2,direct,267,MDR-T_07,0
P5-E2,direct,268,S1-1_07,0
P5-E2,direct,269,E1-9_41,0
P5-E2,direct,270,MDR-T_04,0
P5-E2,direct,271,S2-5_02,0
P5-E2,direct,272,E1-9_03,0
P5-E2,direct,273,G1.MDR-A_13-14,0
P5-E2,direct,274,S3-5_06,0
P5-E2,direct,275,S2-4_07,0
P5-E2,direct,276,E2.MDR-T_14-19,0
P5-E2,direct,277,BP-2_24,0
P5-E2,direct,278,E1.MDR-A_13-14,0
P5-E2,direct,279,GOV-1_10,0
P5-E2,direct,280,E3-4_12,0
P5-E2,direct,281,E1-9_02,0
P5-E2,direct,282,E2.MDR-A_13-14,0
P5-E2,direct,283,S1.MDR-A_13-14,0
P5-E2,direct,284,E4.MDR-T_14-19,0
P5-E2,direct,285,S1.MDR-T_14-19,0
P5-E2,direct,286,E4.MDR-A_13-14,0
P5-E2,direct,287,G1-4_02,0
P5-E2,direct,288,S1-1_22,0
P5-E2,direct,289,E2-4_01,0
P5-E2,direct,290,S3-1_05,0
P5-E2,direct,291,GOV-1_17,0
P5-E2,direct,292,E1-9_14,0
P5-E2,direct,293,S2-1_08,0
P5-E2,direct,294,E1-6_26,0
P5-E2,direct,295,E1-6_28,0
P5-E2,direct,296,E1-5_12,0
P5-E2,direct,297,E5.MDR-T_14-19,0
P5-E2,direct,298,E2-4_17,0
P5-E2,direct,299,E3.MDR-A_01-12,0
P5-E2,direct,300,E4-3_10,0
P5-E2,direct,301,S2-5_03,0
P5-E2,direct,302,E3.MDR-T_14-19,0
P5-E2,direct,303,E5.MDR-A_13-14,0
P5-E2,direct,304,S4-4_12,0
P5-E2,direct,305,S4-1_06,0
P5-E2,direct,306,E3-4_11,0
P5-E2,direct,307,E3.MDR-A_13-14,0
P5-E2,direct,308,S2-3_01,0
P5-E2,direct,309,G1-3_04,0
P5-E2,direct,310,S2-4_12,0
P5-E2,direct,311,BP-1_04,0
P5-E2,direct,312,E5-4_05,0
P5-E2,direct,313,S2-4_11,0
P5-E2,direct,314,SBM-3_11,0
P5-E2,direct,315,S4.MDR-T_01-13,0
P5-E2,direct,316,MDR-A_15,0
P5-E2,direct,317,S4-3_11,0
P5-E2,direct,318,S2.MDR-T_14-19,0
P5-E2,direct,319,GOV-1_11,0
P5-E2,direct,320,BP-1_01,0
P5-E2,direct,321,MDR-A_01,0
P5-E2,direct,322,IRO-1_01,0
P5-E2,direct,323,E1.MDR-A_01-12,0
P5-E2,direct,324,E1-4_25,0
P5-E2,direct,325,E3-3_08,0
P5-E2,direct,326,S1-4_10,0
P5-E2,direct,327,SBM-2_03,0
P5-E2,direct,328,S2.MDR-A_13-14,0
P5-E2,direct,329,E5.IRO-1_01,0
P5-E2,direct,330,S4.MDR-T_14-19,0
P5-E2,direct,331,S1-4_11,0
P5-E2,direct,332,E3-2_02,0
P5-E2,direct,333,S4-4_15,0
P5-E2,direct,334,S2-3_11,0
P5-E2,direct,335,E1-6_17,0
P5-E2,direct,336,MDR-A_14,0
P5-E2,direct,337,S4.MDR-A_13-14,0
P5-E2,direct,338,E3-4_02,0
P5-E2,direct,339,E2-3_09,0
P5-E2,direct,340,S4-2_03,0
P5-E2,direct,341,MDR-T_20,0
P5-E2,direct,342,S3-1_02,0
P5-E2,direct,343,S1-4_13,0
P5-E2,direct,344,BP-2_23,0
P5-E2,direct,345,E1-5_08,0
P5-E2,direct,346,S1-3_07,0
P5-E2,direct,347,BP-2_21,0
P5-E2,direct,348,SBM-2_02,0
P5-E2,direct,349,SBM-3_04,0
P5-E2,direct,350,S3-4_19,0
P5-E2,direct,351,S4-4_11,0
P5-E2,direct,352,S4-2_09,0
P5-E2,direct,353,E5-5_03,0
P5-E2,direct,354,E5-2_05,0
P5-E2,direct,355,S4-1_01,0
P5-E2,direct,356,G1-4_05,0
P5-E2,direct,357,S3-1_01,0
P5-E2,direct,358,E5-2_03,0
P5-E2,direct,359,S4-3_04,0
P5-E2,direct,360,SBM-2_04,0
P5-E2,direct,361,E4-5_06,0
P5-E2,direct,362,E5-2_07,0
P5-E2,direct,363,E3-4_06,0
P5-E2,direct,364,S2-1_06,0
P5-E2,direct,365,S1-2_03,0
P5-E2,direct,366,S2-4_13,0
P5-E2,direct,367,IRO-1_04,0
P5-E2,direct,368,SBM-2_01,0
P5-E2,direct,369,BP-2_26,0
P5-E2,direct,370,E1-5_13,0
P5-E2,direct,371,MDR-T_09,0
P5-E2,direct,372,S4-3_08,0
P5-E2,direct,373,S4-3_03,0
P5-E2,direct,374,SBM-2_06,0
P5-E2,direct,375,E1-2_01,0
P5-E2,direct,376,S2-2_03,0
P5-E2,direct,377,IRO-1_05,0
P5-E2,direct,378,S2-3_04,0
P5-E2,direct,379,S4.MDR-A_01-12,0
P5-E2,direct,380,S3-4_12,0
P5-E2,direct,381,S1-4_02,0
P5-E2,direct,382,SBM-1_28,0
P5-E2,direct,383,MDR-T_21,0
P5-E2,direct,384,S1-3_09,0
P5-E2,direct,385,E3-4_05,0
P5-E2,direct,386,E2.IRO-1_03,0
P5-E2,direct,387,S3-1_06,0
P5-E2,direct,388,G1-4_01,0
P5-E2,direct,389,MDR-A_13,0
P5-E2,direct,390,S4-2_01,0
P5-E2,direct,391,IRO-1_03,0
P5-E2,direct,392,S3.MDR-T_14-19,0
P5-E2,direct,393,S1-3_06,0
P5-E2,direct,394,E2.MDR-A_01-12,0
P5-E2,direct,395,S1-2_10,0
P5-E2,direct,396,S4-3_05,0
P5-E2,direct,397,MDR-T_16,0
P5-E2,direct,398,E1-3_03,0
P5-E2,direct,399,S3.MDR-A_13-14,0
P5-E2,direct,400,S2-2_02,0
P5-E2,direct,401,S2-3_03,0
P5-E2,direct,402,S4-5_02,0
P5-E2,direct,403,MDR-T_17,0
P5-E2,direct,404,IRO-1_06,0
P5-E2,direct,405,SBM-2_12,0
P5-E2,direct,406,E3.IRO-1_01,0
P5-E2,direct,407,E1.MDR-T_01-13,0
P5-E2,direct,408,SBM-1_08,0
P5-E2,direct,409,G1.MDR-A_01-12,0
P5-E2,direct,410,E4-5_09,0
P5-E2,direct,411,SBM-3_01,0
P5-E2,direct,412,E2.MDR-T_01-13,0
P5-E2,direct,413,S4-3_06,0
P5-E2,direct,414,S4-4_04,0
P5-E2,direct,415,E3-3_04,0
P5-E2,direct,416,E5.MDR-T_01-13,0
P5-E2,direct,417,S1-3_11,0
P5-E2,direct,418,E4.MDR-T_01-13,0
P5-E2,direct,419,E3-2_01,0
P5-E2,direct,420,SBM-3_07,0
P5-E2,direct,421,S3-4_15,0
P5-E2,direct,422,SBM-2_05,0
P5-E2,direct,423,S2-3_08,0
P5-E2,direct,424,S4-4_03,0
P5-E2,direct,425,IRO-1_02,0
P5-E2,direct,426,S3-4_17,0
P5-E2,direct,427,S3-3_20,0
P5-E2,direct,428,E1.SBM-3_01,0
P5-E2,direct,429,E5-5_18,0
P5-E2,direct,430,S1-3_10,0
P5-E2,direct,431,S3-2_03,0
P5-E2,direct,432,S4-3_02,0
P5-E2,direct,433,S2-3_06,0
P5-E2,direct,434,S4-3_07,0
P5-E2,direct,435,MDR-A_04,0
P5-E2,direct,436,MDR-T_13,0
P5-E2,direct,437,SBM-1_15,0
P5-E2,direct,438,E2-4_09,0
P5-E2,direct,439,S4-4_06,0
P5-E2,direct,440,S4-2_07,0
P5-E2,direct,441,E1-4_22,0
P5-E2,direct,442,E4.MDR-A_01-12,0
P5-E2,direct,443,S3-4_11,0
P5-E2,direct,444,SBM-1_23,0
P5-E2,direct,445,S2-3_07,0
P5-E2,direct,446,E2-4_15,0
P5-E2,direct,447,S2-4_02,0
P5-E2,direct,448,S3.MDR-T_01-13,0
P5-E2,direct,449,E2-3_06,0
P5-E2,direct,450,G1-2_02,0
P5-E2,direct,451,SBM-3_02,0
P5-E2,direct,452,S4-4_01,0
P5-E2,direct,453,E3.MDR-T_01-13,0
P5-E2,direct,454,S4-3_12,0
P5-E2,direct,455,S3-3_15,0
P5-E2,direct,456,S4.SBM-3_05,0
P5-E2,direct,457,S4-4_05,0
P5-E2,direct,458,S3-3_17,0
P5-E2,direct,459,S3.SBM-3_05,0
P5-E2,direct,460,S4-1_04,0
P5-E2,direct,461,S4-2_08,0
P5-E2,direct,462,S4-4_02,0
P5-E2,direct,463,S4-4_07,0
P5-E2,direct,464,S3-3_12,0
P5-E2,direct,465,S4-2_06,0
P5-E2,direct,466,S3-3_13,0
P5-E2,direct,467,E2-3_05,0
P5-E2,direct,468,S3-2_01,0
P5-E2,direct,469,S3-4_04,0
P5-E2,direct,470,SBM-1_05,0
P5-E2,direct,471,SBM-1_09,0
P5-E2,direct,472,E4.IRO-1_15,0
P5-E2,direct,473,E4-5_07,0
P5-E2,direct,474,E4-3_14,0
P5-E2,direct,475,S3-4_10,0
P5-E2,direct,476,E4-2_01,0
P5-E2,direct,477,S3.MDR-A_01-12,0
P5-E2,direct,478,S4.SBM-3_04,0
P5-E2,direct,479,S3-4_03,0
P5-E2,direct,480,S4-5_03,0
P5-E2,direct,481,S3-4_05,0
P5-E2,direct,482,S4-3_09,0
P5-E2,direct,483,S4-3_01,0
P5-E2,direct,484,E4-2_02,0
P5-E2,direct,485,E4-5_08,0
P5-E2,direct,486,SBM-1_21,0
P5-E2,direct,487,E4-3_15,0
P5-E2,direct,488,S3-3_16,0
P5-E2,direct,489,E2-2_01,0
P5-E2,direct,490,S3-4_02,0
P5-E2,direct,491,S3-4_06,0
P5-E2,direct,492,S4-4_13,0
P5-E2,direct,493,SBM-1_19,0
P5-E2,direct,494,S4-2_05,0
P5-E2,direct,495,S3-5_02,0
P5-E2,direct,496,S3-2_06,0
P5-E2,direct,497,S3-3_14,0
P5-E2,direct,498,S3-4_01,0
P5-E2,direct,499,S3-4_07,0
P5-E2,direct,500,S3-3_11,0
P5-E2,direct,501,S4-2_02,0
P5-E2,direct,502,S3-2_08,0
P5-E2,direct,503,E4-3_01,0
P5-E2,direct,504,S3-5_03,0
P5-E2,direct,505,S3.SBM-3_04,0
P5-E2,direct,506,S3-1_04,0
P5-E2,direct,507,S3-2_09,0
P5-E2,direct,508,E4-1_11,0
P5-E2,direct,509,S3-3_18,0
P5-E2,direct,510,S3-3_10,0
P5-E2,direct,511,SBM-1_17,0
P5-E2,direct,512,MDR-T_10,0
P5-E2,direct,513,S3-2_05,0
P5-E2,direct,514,S3-4_13,0
P5-E2,direct,515,S3-3_21,0
P5-E2,direct,516,E4-5_14,0
P5-E2,direct,517,S3-2_02,0
P5-E2,symbolic_multihop,1,S1-16_05,1
P5-E2,symbolic_multihop,2,S1-16_04,1
P5-E2,symbolic_multihop,3,S1-16_01,1
P5-E2,symbolic_multihop,4,S1-10_01,0
P5-E2,symbolic_multihop,5,S1-10_02,0
P5-E2,symbolic_multihop,6,S1-10_03,0
P5-E2,symbolic_multihop,7,S1-10_04,1
P5-E2,multihop_kd_gold,1,S1-16_05,1
P5-E2,multihop_kd_gold,2,S1-16_04,1
P5-E2,multihop_kd_gold,3,S1-16_01,1
P5-E2,multihop_kd_gold,4,S1-10_03,0
P5-E2,multihop_kd_gold,5,S1-10_02,0
P5-E2,multihop_kd_gold,6,S1-10_01,0
P5-E2,multihop_kd_gold,7,S1-10_04,1
P5-E2,multihop_kd_gold_medium,1,S1-16_05,1
P5-E2,multihop_kd_gold_medium,2,S1-16_04,1
P5-E2,multihop_kd_gold_medium,3,S1-16_01,1
P5-E2,multihop_kd_gold_medium,4,S1-10_02,0
P5-E2,multihop_kd_gold_medium,5,S1-10_03,0
P5-E2,multihop_kd_gold_medium,6,S1-10_01,0
P5-E2,multihop_kd_gold_medium,7,S1-10_04,1
P6-E1,direct,1,E1-5_01,0
P6-E1,direct,2,E1-5_18,1
P6-E1,direct,3,E1-5_03,0
P6-E1,direct,4,E1-5_02,0
P6-E1,direct,5,E1-5_05,0
P6-E1,direct,6,E1-5_07,0
P6-E1,direct,7,E1-6_31,0
P6-E1,direct,8,E1-6_30,0
P6-E1,direct,9,E1-5_14,0
P6-E1,direct,10,E1-5_06,0
P6-E1,direct,11,E1-5_08,0
P6-E1,direct,12,E3-4_01,0
P6-E1,direct,13,E1-5_11,0
P6-E1,direct,14,E1-5_12,0
P6-E1,direct,15,E1-5_10,0
P6-E1,direct,16,E1-5_13,0
P6-E1,direct,17,E1-6_01,0
P6-E1,direct,18,E2-4_02,0
P6-E1,direct,19,E1-6_04,0
P6-E1,direct,20,E3-4_02,0
P6-E1,direct,21,E5-5_07,0
P6-E1,direct,22,E5-5_15,0
P6-E1,direct,23,S1-13_04,0
P6-E1,direct,24,E5-5_16,0
P6-E1,direct,25,E1-4_03,0
P6-E1,direct,26,E3-4_11,0
P6-E1,direct,27,E2-4_01,0
P6-E1,direct,28,GOV-3_04,0
P6-E1,direct,29,S1-6_06,0
P6-E1,direct,30,E1-6_11,0
P6-E1,direct,31,S1-6_10,0
P6-E1,direct,32,E1-6_07,0
P6-E1,direct,33,E5.MDR-A_01-12,0
P6-E1,direct,34,SBM-1_06,0
P6-E1,direct,35,E5-5_09,0
P6-E1,direct,36,E1-6_28,0
P6-E1,direct,37,E5-5_08,0
P6-E1,direct,38,E1-6_17,0
P6-E1,direct,39,E1-6_27,0
P6-E1,direct,40,S1-13_06,0
P6-E1,direct,41,E3-4_12,0
P6-E1,direct,42,S1-6_19,0
P6-E1,direct,43,S1-6_09,0
P6-E1,direct,44,E1-4_15,0
P6-E1,direct,45,S1-6_05,0
P6-E1,direct,46,E1-4_12,0
P6-E1,direct,47,E1-3_03,0
P6-E1,direct,48,E5-2_06,0
P6-E1,direct,49,E1-4_06,0
P6-E1,direct,50,S1-6_03,0
P6-E1,direct,51,E5-4_05,0
P6-E1,direct,52,SBM-1_04,0
P6-E1,direct,53,S1-6_20,0
P6-E1,direct,54,S1-6_04,0
P6-E1,direct,55,BP-2_27,0
P6-E1,direct,56,S1-13_05,0
P6-E1,direct,57,E5-5_17,0
P6-E1,direct,58,GOV-3_03,0
P6-E1,direct,59,E1-4_09,0
P6-E1,direct,60,S1-13_03,0
P6-E1,direct,61,E2.MDR-A_01-12,0
P6-E1,direct,62,S1-6_01,0
P6-E1,direct,63,S1-10_03,0
P6-E1,direct,64,SBM-1_03,0
P6-E1,direct,65,SBM-1_07,0
P6-E1,direct,66,S1-9_02,0
P6-E1,direct,67,S1-10_02,0
P6-E1,direct,68,S1-6_02,0
P6-E1,direct,69,E3.MDR-A_01-12,0
P6-E1,direct,70,S1-7_02,0
P6-E1,direct,71,S1-16_02,0
P6-E1,direct,72,S1-7_03,0
P6-E1,direct,73,S1-6_12,0
P6-E1,direct,74,E2-4_10,0
P6-E1,direct,75,S1-16_04,0
P6-E1,direct,76,MDR-M_01,0
P6-E1,direct,77,E2-4_09,0
P6-E1,direct,78,S1-6_07,0
P6-E1,direct,79,S1-13_02,0
P6-E1,direct,80,E2-3_06,0
P6-E1,direct,81,BP-2_25,0
P6-E1,direct,82,S1-7_01,0
P6-E1,direct,83,SBM-1_08,0
P6-E1,direct,84,S1-6_08,0
P6-E1,direct,85,S1-16_05,0
P6-E1,direct,86,S1-6_11,0
P6-E1,direct,87,S1-14_07,0
P6-E1,direct,88,S1-15_03,0
P6-E1,direct,89,SBM-1_21,0
P6-E1,direct,90,E5-2_02,0
P6-E1,direct,91,E5-2_08,0
P6-E1,direct,92,E1-9_42,0
P6-E1,direct,93,S1-11_06,0
P6-E1,direct,94,BP-2_22,0
P6-E1,direct,95,S1-9_01,0
P6-E1,direct,96,BP-2_24,0
P6-E1,direct,97,E3-4_05,0
P6-E1,direct,98,E3-4_06,0
P6-E1,direct,99,S4.SBM-3_05,0
P6-E1,direct,100,S1-6_15,0
P6-E1,direct,101,S4-3_13,0
P6-E1,direct,102,MDR-P_09,0
P6-E1,direct,103,MDR-T_02,0
P6-E1,direct,104,E2-4_15,0
P6-E1,direct,105,GOV-3_01,0
P6-E1,direct,106,E1-9_41,0
P6-E1,direct,107,E1.MDR-A_01-12,0
P6-E1,direct,108,S1-6_14,0
P6-E1,direct,109,S1.SBM-3_04,0
P6-E1,direct,110,GOV-3_02,0
P6-E1,direct,111,S1-8_01,0
P6-E1,direct,112,S1-8_02,0
P6-E1,direct,113,S1-14_09,0
P6-E1,direct,114,E1-6_26,0
P6-E1,direct,115,MDR-T_17,0
P6-E1,direct,116,MDR-T_18,0
P6-E1,direct,117,SBM-2_12,0
P6-E1,direct,118,SBM-1_09,0
P6-E1,direct,119,E4.MDR-A_01-12,0
P6-E1,direct,120,S1-14_03,0
P6-E1,direct,121,BP-2_23,0
P6-E1,direct,122,S1-10_04,0
P6-E1,direct,123,S1-9_03,0
P6-E1,direct,124,E4-5_18,0
P6-E1,direct,125,SBM-3_07,0
P6-E1,direct,126,GOV-1_17,0
P6-E1,direct,127,S1-15_02,0
P6-E1,direct,128,E1-4_22,0
P6-E1,direct,129,BP-2_26,0
P6-E1,direct,130,S1-9_04,0
P6-E1,direct,131,S3.SBM-3_05,0
P6-E1,direct,132,S1-10_01,0
P6-E1,direct,133,E1-4_01,0
P6-E1,direct,134,S2.SBM-3_06,0
P6-E1,direct,135,S1-14_02,0
P6-E1,direct,136,S1-7_08,0
P6-E1,direct,137,E2-3_09,0
P6-E1,direct,138,S1-8_03,0
P6-E1,direct,139,S2-4_12,0
P6-E1,direct,140,E5-2_05,0
P6-E1,direct,141,S1-9_05,0
P6-E1,direct,142,S1-15_01,0
P6-E1,direct,143,E4-2_02,0
P6-E1,direct,144,S1-7_07,0
P6-E1,direct,145,S4-2_03,0
P6-E1,direct,146,GOV-1_16,0
P6-E1,direct,147,S2-2_03,0
P6-E1,direct,148,GOV-1_02,0
P6-E1,direct,149,E4-1_09,0
P6-E1,direct,150,SBM-1_23,0
P6-E1,direct,151,S1-2_03,0
P6-E1,direct,152,E2-3_05,0
P6-E1,direct,153,S3-2_03,0
P6-E1,direct,154,S1-6_18,0
P6-E1,direct,155,MDR-T_16,0
P6-E1,direct,156,SBM-2_03,0
P6-E1,direct,157,GOV-1_01,0
P6-E1,direct,158,S4-5_02,0
P6-E1,direct,159,E1-2_01,0
P6-E1,direct,160,S4-4_03,0
P6-E1,direct,161,S1-6_16,0
P6-E1,direct,162,IRO-1_14,0
P6-E1,direct,163,SBM-1_15,0
P6-E1,direct,164,MDR-T_20,0
P6-E1,direct,165,S2-4_18,0
P6-E1,direct,166,E1.GOV-3_03,0
P6-E1,direct,167,BP-1_02,0
P6-E1,direct,168,IRO-1_06,0
P6-E1,direct,169,S4-2_01,0
P6-E1,direct,170,GOV-1_03,0
P6-E1,direct,171,MDR-A_15,0
P6-E1,direct,172,GOV-1_05,0
P6-E1,direct,173,GOV-2_01,0
P6-E1,direct,174,S1-14_05,0
P6-E1,direct,175,S1-7_05,0
P6-E1,direct,176,S4-4_12,0
P6-E1,direct,177,SBM-1_19,0
P6-E1,direct,178,E1-9_01,0
P6-E1,direct,179,S1.MDR-A_01-12,0
P6-E1,direct,180,E5-5_18,0
P6-E1,direct,181,E3-2_01,0
P6-E1,direct,182,S1-4_09,0
P6-E1,direct,183,S1-14_06,0
P6-E1,direct,184,S4.MDR-A_01-12,0
P6-E1,direct,185,MDR-P_03,0
P6-E1,direct,186,GOV-1_06,0
P6-E1,direct,187,E4-3_14,0
P6-E1,direct,188,S1-7_09,0
P6-E1,direct,189,BP-1_04,0
P6-E1,direct,190,S4-4_18,0
P6-E1,direct,191,E3-3_08,0
P6-E1,direct,192,S1-4_16,0
P6-E1,direct,193,S1-4_20,0
P6-E1,direct,194,S1-7_10,0
P6-E1,direct,195,E1-9_03,0
P6-E1,direct,196,S1-12_01,0
P6-E1,direct,197,E1.GOV-3_01,0
P6-E1,direct,198,S3-4_12,0
P6-E1,direct,199,S2.MDR-A_01-12,0
P6-E1,direct,200,S4-2_05,0
P6-E1,direct,201,S1-17_02,0
P6-E1,direct,202,S3-4_19,0
P6-E1,direct,203,S4-4_06,0
P6-E1,direct,204,E2.IRO-1_03,0
P6-E1,direct,205,SBM-3_04,0
P6-E1,direct,206,MDR-P_02,0
P6-E1,direct,207,S1-17_01,0
P6-E1,direct,208,S2-4_03,0
P6-E1,direct,209,S1-4_03,0
P6-E1,direct,210,MDR-A_06,0
P6-E1,direct,211,S1-11_11,0
P6-E1,direct,212,SBM-1_01,0
P6-E1,direct,213,S1-2_12,0
P6-E1,direct,214,E3-3_04,0
P6-E1,direct,215,S1-4_05,0
P6-E1,direct,216,E1-9_02,0
P6-E1,direct,217,S1-13_01,0
P6-E1,direct,218,S4-4_15,0
P6-E1,direct,219,E2.MDR-T_01-13,0
P6-E1,direct,220,S1-16_01,0
P6-E1,direct,221,S1-8_04,0
P6-E1,direct,222,E4-2_01,0
P6-E1,direct,223,S4-1_01,0
P6-E1,direct,224,BP-1_01,0
P6-E1,direct,225,E3-2_02,0
P6-E1,direct,226,S1-17_07,0
P6-E1,direct,227,S4.SBM-3_04,0
P6-E1,direct,228,E3.IRO-1_01,0
P6-E1,direct,229,S1-1_01,0
P6-E1,direct,230,E4-5_06,0
P6-E1,direct,231,E2-2_01,0
P6-E1,direct,232,GOV-1_07,0
P6-E1,direct,233,S1-14_08,0
P6-E1,direct,234,S2.SBM-3_05,0
P6-E1,direct,235,SBM-3_08,0
P6-E1,direct,236,S1-14_04,0
P6-E1,direct,237,E5-2_03,0
P6-E1,direct,238,G1.MDR-P_01-06,0
P6-E1,direct,239,S2-1_11,0
P6-E1,direct,240,S1.SBM-3_03,0
P6-E1,direct,241,S1-6_13,0
P6-E1,direct,242,SBM-3_01,0
P6-E1,direct,243,E1.MDR-T_01-13,0
P6-E1,direct,244,S4.MDR-T_01-13,0
P6-E1,direct,245,S1-5_02,0
P6-E1,direct,246,S1-1_14,0
P6-E1,direct,247,MDR-A_05,0
P6-E1,direct,248,E4.IRO-1_15,0
P6-E1,direct,249,S4-4_04,0
P6-E1,direct,250,S4-4_05,0
P6-E1,direct,251,S4-1_09,0
P6-E1,direct,252,S2.MDR-T_01-13,0
P6-E1,direct,253,SBM-3_11,0
P6-E1,direct,254,S4-1_04,0
P6-E1,direct,255,S1-11_10,0
P6-E1,direct,256,S2-2_01,0
P6-E1,direct,257,GOV-1_04,0
P6-E1,direct,258,E4-3_15,0
P6-E1,direct,259,S4-2_02,0
P6-E1,direct,260,MDR-T_13,0
P6-E1,direct,261,G1-4_06,0
P6-E1,direct,262,E3.MDR-T_01-13,0
P6-E1,direct,263,S1-11_09,0
P6-E1,direct,264,GOV-1_10,0
P6-E1,direct,265,S2-4_05,0
P6-E1,direct,266,S2-5_06,0
P6-E1,direct,267,S1-11_05,0
P6-E1,direct,268,MDR-P_01,0
P6-E1,direct,269,E4.MDR-T_01-13,0
P6-E1,direct,270,S4-5_03,0
P6-E1,direct,271,SBM-2_04,0
P6-E1,direct,272,IRO-1_04,0
P6-E1,direct,273,S2-4_04,0
P6-E1,direct,274,S1-2_01,0
P6-E1,direct,275,S1-2_02,0
P6-E1,direct,276,E4-3_01,0
P6-E1,direct,277,E2.MDR-P_07-08,0
P6-E1,direct,278,SBM-1_25,0
P6-E1,direct,279,E4-3_10,0
P6-E1,direct,280,E1.SBM-3_01,0
P6-E1,direct,281,E4-1_11,0
P6-E1,direct,282,E3.IRO-1_02,0
P6-E1,direct,283,S1-2_06,0
P6-E1,direct,284,S1-4_11,0
P6-E1,direct,285,E1.MDR-P_07-08,0
P6-E1,direct,286,S1.MDR-T_01-13,0
P6-E1,direct,287,SBM-1_28,0
P6-E1,direct,288,GOV-2_02,0
P6-E1,direct,289,S2-3_03,0
P6-E1,direct,290,SBM-2_02,0
P6-E1,direct,291,S4-3_05,0
P6-E1,direct,292,S3-1_09,0
P6-E1,direct,293,MDR-P_08,0
P6-E1,direct,294,S3-5_06,0
P6-E1,direct,295,MDR-T_05,0
P6-E1,direct,296,IRO-1_02,0
P6-E1,direct,297,S3-3_12,0
P6-E1,direct,298,E5.IRO-1_01,0
P6-E1,direct,299,S4-4_01,0
P6-E1,direct,300,E3.MDR-P_07-08,0
P6-E1,direct,301,MDR-P_05,0
P6-E1,direct,302,S1-7_06,0
P6-E1,direct,303,S1-16_03,0
P6-E1,direct,304,E1-4_25,0
P6-E1,direct,305,S3-4_15,0
P6-E1,direct,306,S2-1_06,0
P6-E1,direct,307,G1-2_02,0
P6-E1,direct,308,SBM-1_02,0
P6-E1,direct,309,E4.MDR-P_07-08,0
P6-E1,direct,310,E5.MDR-T_01-13,0
P6-E1,direct,311,S3-4_03,0
P6-E1,direct,312,S4-5_06,0
P6-E1,direct,313,S1-1_05,0
P6-E1,direct,314,S4-3_03,0
P6-E1,direct,315,MDR-T_07,0
P6-E1,direct,316,S3.MDR-A_01-12,0
P6-E1,direct,317,E1-9_14,0
P6-E1,direct,318,S1-11_07,0
P6-E1,direct,319,S2-1_08,0
P6-E1,direct,320,S1-11_04,0
P6-E1,direct,321,S2.MDR-P_07-08,0
P6-E1,direct,322,S3-5_02,0
P6-E1,direct,323,SBM-3_09,0
P6-E1,direct,324,S2-4_06,0
P6-E1,direct,325,S1-5_06,0
P6-E1,direct,326,E4-5_08,0
P6-E1,direct,327,S1-11_03,0
P6-E1,direct,328,S2-2_06,0
P6-E1,direct,329,G1.MDR-P_07-08,0
P6-E1,direct,330,S4-2_08,0
P6-E1,direct,331,E5-5_03,0
P6-E1,direct,332,S1-4_13,0
P6-E1,direct,333,S1.MDR-P_07-08,0
P6-E1,direct,334,SBM-2_05,0
P6-E1,direct,335,S1-3_05,0
P6-E1,direct,336,S1-5_03,0
P6-E1,direct,337,GOV-1_12,0
P6-E1,direct,338,S1-1_09,0
P6-E1,direct,339,S1-4_01,0
P6-E1,direct,340,SBM-2_06,0
P6-E1,direct,341,S1-4_12,0
P6-E1,direct,342,S4-2_06,0
P6-E1,direct,343,E5.MDR-P_07-08,0
P6-E1,direct,344,S1-17_05,0
P6-E1,direct,345,S1-3_08,0
P6-E1,direct,346,S4-4_07,0
P6-E1,direct,347,S4-1_06,0
P6-E1,direct,348,S3.SBM-3_04,0
P6-E1,direct,349,SBM-2_01,0
P6-E1,direct,350,S3-4_05,0
P6-E1,direct,351,MDR-P_06,0
P6-E1,direct,352,S2-1_03,0
P6-E1,direct,353,S2-4_15,0
P6-E1,direct,354,S2-4_01,0
P6-E1,direct,355,S4-3_02,0
P6-E1,direct,356,G1-4_07,0
P6-E1,direct,357,S1-1_12,0
P6-E1,direct,358,S3-4_02,0
P6-E1,direct,359,S1-3_01,0
P6-E1,direct,360,E2.MDR-T_14-19,0
P6-E1,direct,361,S4.MDR-P_07-08,0
P6-E1,direct,362,S2-3_09,0
P6-E1,direct,363,S1-3_04,0
P6-E1,direct,364,S2-4_13,0
P6-E1,direct,365,S4-1_02,0
P6-E1,direct,366,IRO-1_01,0
P6-E1,direct,367,S1-1_07,0
P6-E1,direct,368,E4-5_09,0
P6-E1,direct,369,S3.MDR-P_07-08,0
P6-E1,direct,370,S1-2_11,0
P6-E1,direct,371,S4-3_01,0
P6-E1,direct,372,S4-4_13,0
P6-E1,direct,373,S3-1_06,0
P6-E1,direct,374,S1-11_01,0
P6-E1,direct,375,IRO-1_03,0
P6-E1,direct,376,S2-5_02,0
P6-E1,direct,377,G1-4_04,0
P6-E1,direct,378,S3.MDR-T_01-13,0
P6-E1,direct,379,S3-2_01,0
P6-E1,direct,380,S4-3_09,0
P6-E1,direct,381,SBM-1_05,0
P6-E1,direct,382,S2-4_02,0
P6-E1,direct,383,E2.MDR-A_13-14,0
P6-E1,direct,384,S2-4_07,0
P6-E1,direct,385,S2-3_05,0
P6-E1,direct,386,S1-3_06,0
P6-E1,direct,387,MDR-T_10,0
P6-E1,direct,388,MDR-P_07,0
P6-E1,direct,389,G1-1_10,0
P6-E1,direct,390,S1-14_12,0
P6-E1,direct,391,E3.MDR-T_14-19,0
P6-E1,direct,392,E1.MDR-A_13-14,0
P6-E1,direct,393,S3-4_04,0
P6-E1,direct,394,S4-2_07,0
P6-E1,direct,395,S2-2_09,0
P6-E1,direct,396,S1-4_04,0
P6-E1,direct,397,S1-2_07,0
P6-E1,direct,398,S4-3_07,0
P6-E1,direct,399,GOV-1_08,0
P6-E1,direct,400,MDR-T_04,0
P6-E1,direct,401,E4.MDR-T_14-19,0
P6-E1,direct,402,S2-2_08,0
P6-E1,direct,403,E2-4_17,0
P6-E1,direct,404,S3-1_01,0
P6-E1,direct,405,S3-3_15,0
P6-E1,direct,406,E3.MDR-A_13-14,0
P6-E1,direct,407,S2-3_04,0
P6-E1,direct,408,S4-2_09,0
P6-E1,direct,409,S3-2_05,0
P6-E1,direct,410,E4.MDR-A_13-14,0
P6-E1,direct,411,S1-4_10,0
P6-E1,direct,412,S1-4_14,0
P6-E1,direct,413,S2-3_06,0
P6-E1,direct,414,S1.MDR-T_14-19,0
P6-E1,direct,415,S3-4_06,0
P6-E1,direct,416,S2-3_01,0
P6-E1,direct,417,SBM-3_02,0
P6-E1,direct,418,S2.MDR-T_14-19,0
P6-E1,direct,419,MDR-A_01,0
P6-E1,direct,420,S3-4_01,0
P6-E1,direct,421,S4-3_12,0
P6-E1,direct,422,S2-3_02,0
P6-E1,direct,423,S1-2_09,0
P6-E1,direct,424,GOV-1_11,0
P6-E1,direct,425,S2-5_03,0
P6-E1,direct,426,S2-1_01,0
P6-E1,direct,427,G1.MDR-A_13-14,0
P6-E1,direct,428,MDR-A_14,0
P6-E1,direct,429,G1-4_02,0
P6-E1,direct,430,S1-4_02,0
P6-E1,direct,431,G1.GOV-1_01,0
P6-E1,direct,432,S1.MDR-A_13-14,0
P6-E1,direct,433,S1-17_11,0
P6-E1,direct,434,S3-5_03,0
P6-E1,direct,435,E1.MDR-T_14-19,0
P6-E1,direct,436,S1-1_03,0
P6-E1,direct,437,S3-3_13,0
P6-E1,direct,438,G1.GOV-1_02,0
P6-E1,direct,439,S2-1_05,0
P6-E1,direct,440,S2-1_04,0
P6-E1,direct,441,E5-2_07,0
P6-E1,direct,442,S2-2_07,0
P6-E1,direct,443,BP-2_21,0
P6-E1,direct,444,E5.MDR-T_14-19,0
P6-E1,direct,445,E4-5_14,0
P6-E1,direct,446,S1-3_02,0
P6-E1,direct,447,S4-3_04,0
P6-E1,direct,448,E5.MDR-A_13-14,0
P6-E1,direct,449,S2.MDR-A_13-14,0
P6-E1,direct,450,S4-3_08,0
P6-E1,direct,451,S3-4_17,0
P6-E1,direct,452,MDR-T_09,0
P6-E1,direct,453,G1.MDR-A_01-12,0
P6-E1,direct,454,S3-4_10,0
P6-E1,direct,455,S1-2_08,0
P6-E1,direct,456,S4-4_02,0
P6-E1,direct,457,S1-1_13,0
P6-E1,direct,458,G1-3_03,0
P6-E1,direct,459,S2-3_08,0
P6-E1,direct,460,S1-3_09,0
P6-E1,direct,461,S1-17_03,0
P6-E1,direct,462,MDR-T_14,0
P6-E1,direct,463,S4.MDR-T_14-19,0
P6-E1,direct,464,S1-3_07,0
P6-E1,direct,465,MDR-A_04,0
P6-E1,direct,466,S1-1_21,0
P6-E1,direct,467,S4-1_05,0
P6-E1,direct,468,S3-3_18,0
P6-E1,direct,469,S3-3_17,0
P6-E1,direct,470,S4-3_06,0
P6-E1,direct,471,S1-1_06,0
P6-E1,direct,472,S3-1_05,0
P6-E1,direct,473,G1-4_08,0
P6-E1,direct,474,S3.MDR-T_14-19,0
P6-E1,direct,475,S1-17_08,0
P6-E1,direct,476,G1-5_11,0
P6-E1,direct,477,S3-2_06,0
P6-E1,direct,478,S1-3_11,0
P6-E1,direct,479,S2-2_02,0
P6-E1,direct,480,S2-3_12,0
P6-E1,direct,481,S3-1_04,0
P6-E1,direct,482,S2-3_11,0
P6-E1,direct,483,S3-4_13,0
P6-E1,direct,484,S3-3_14,0
P6-E1,direct,485,SBM-1_17,0
P6-E1,direct,486,S4.MDR-A_13-14,0
P6-E1,direct,487,S3-1_02,0
P6-E1,direct,488,S3-3_10,0
P6-E1,direct,489,S3-4_07,0
P6-E1,direct,490,S1-2_10,0
P6-E1,direct,491,IRO-1_05,0
P6-E1,direct,492,G1-4_01,0
P6-E1,direct,493,S3-3_11,0
P6-E1,direct,494,S1-17_13,0
P6-E1,direct,495,S3-2_02,0
P6-E1,direct,496,S3.MDR-A_13-14,0
P6-E1,direct,497,S1-1_08,0
P6-E1,direct,498,S1-1_10,0
P6-E1,direct,499,E4-5_07,0
P6-E1,direct,500,S3-2_09,0
P6-E1,direct,501,S2-3_07,0
P6-E1,direct,502,S1-8_08,0
P6-E1,direct,503,S1-2_14,0
P6-E1,direct,504,S4-4_11,0
P6-E1,direct,505,S1-1_22,0
P6-E1,direct,506,S4-3_11,0
P6-E1,direct,507,S3-2_08,0
P6-E1,direct,508,S3-3_20,0
P6-E1,direct,509,G1-4_05,0
P6-E1,direct,510,S3-3_21,0
P6-E1,direct,511,S3-3_16,0
P6-E1,direct,512,S1-3_10,0
P6-E1,direct,513,S2-4_11,0
P6-E1,direct,514,MDR-T_21,0
P6-E1,direct,515,MDR-A_13,0
P6-E1,direct,516,S3-4_11,0
P6-E1,direct,517,G1-3_04,0
P6-E1,symbolic_multihop,1,E1-5_01,0
P6-E1,symbolic_multihop,2,E1-5_18,1
P6-E1,symbolic_multihop,3,E1-5_03,0
P6-E1,symbolic_multihop,4,E1-5_02,0
P6-E1,symbolic_multihop,5,E1-5_05,0
P6-E1,symbolic_multihop,6,E1-5_07,0
P6-E1,symbolic_multihop,7,E1-5_14,0
P6-E1,symbolic_multihop,8,E1-5_06,0
P6-E1,symbolic_multihop,9,E1-5_08,0
P6-E1,symbolic_multihop,10,E1-5_11,0
P6-E1,symbolic_multihop,11,E1-5_12,0
P6-E1,symbolic_multihop,12,E1-5_10,0
P6-E1,symbolic_multihop,13,E1-5_13,0
P6-E1,multihop_kd_gold,1,E1-5_01,0
P6-E1,multihop_kd_gold,2,E1-5_03,0
P6-E1,multihop_kd_gold,3,E1-5_02,0
P6-E1,multihop_kd_gold,4,E1-5_18,1
P6-E1,multihop_kd_gold,5,E1-5_05,0
P6-E1,multihop_kd_gold,6,E1-5_07,0
P6-E1,multihop_kd_gold,7,E1-5_14,0
P6-E1,multihop_kd_gold,8,E1-5_06,0
P6-E1,multihop_kd_gold,9,E1-5_08,0
P6-E1,multihop_kd_gold,10,E1-5_11,0
P6-E1,multihop_kd_gold,11,E1-5_12,0
P6-E1,multihop_kd_gold,12,E1-5_13,0
P6-E1,multihop_kd_gold,13,E1-5_10,0
P6-E1,multihop_kd_gold_medium,1,E1-5_01,0
P6-E1,multihop_kd_gold_medium,2,E1-5_03,0
P6-E1,multihop_kd_gold_medium,3,E1-5_02,0
P6-E1,multihop_kd_gold_medium,4,E1-5_18,1
P6-E1,multihop_kd_gold_medium,5,E1-5_05,0
P6-E1,multihop_kd_gold_medium,6,E1-5_07,0
P6-E1,multihop_kd_gold_medium,7,E1-5_14,0
P6-E1,multihop_kd_gold_medium,8,E1-5_06,0
P6-E1,multihop_kd_gold_medium,9,E1-5_08,0
P6-E1,multihop_kd_gold_medium,10,E1-5_11,0
P6-E1,multihop_kd_gold_medium,11,E1-5_12,0
P6-E1,multihop_kd_gold_medium,12,E1-5_13,0
P6-E1,multihop_kd_gold_medium,13,E1-5_10,0
