brsr_id,brsr_text,gri_standard,gri_disclosure,gri_subpoint,esrs_datapoint_id,esrs_name,esrs_dr,esrs_paragraph,esrs_data_type,brsr_gri_match_type,brsr_gri_mapping_semantics,interop_mapping_type,interop_esrs_requirement,interop_notes,interop_explanation,expansion_count,precision_class,precision_reason,precision_score,precision_evidence
A13,,,2-2,2-2,,,,,,,,,,,,2,low_precision,no_esrs_datapoint,0,
A13,,,2-2,2-2-A,,,,,,,,,,,,2,low_precision,no_esrs_datapoint,0,
A13,,,2-2,2-2-C,,,,,,,,,,,,2,low_precision,no_esrs_datapoint,0,
A14,,,2-6,2-6,,,,,,,,,,,,11,low_precision,no_esrs_datapoint,0,
A14,,,2-6,2-6-B-I,,,,,,,,,,,,11,low_precision,no_esrs_datapoint,0,
A15,,,2-6,2-6,,,,,,,,,,,,11,low_precision,no_esrs_datapoint,0,
A15,,,2-6,2-6-B-I,,,,,,,,,,,,11,low_precision,no_esrs_datapoint,0,
A16,,,2-6,2-6,,,,,,,,,,,,11,low_precision,no_esrs_datapoint,0,
A16,,,2-6,2-6-B-I,,,,,,,,,,,,11,low_precision,no_esrs_datapoint,0,
A17,,,2-6,2-6,,,,,,,,,,,,11,low_precision,no_esrs_datapoint,0,
A17,,,2-6,2-6-B-I,,,,,,,,,,,,11,low_precision,no_esrs_datapoint,0,
A17,,,2-6,2-6-B-III,,,,,,,,,,,,11,low_precision,no_esrs_datapoint,0,
A17a,,,2-6,2-6-B-I,,,,,,,,,,,,11,low_precision,no_esrs_datapoint,0,
A17c,,,2-6,2-6-B-III,,,,,,,,,,,,11,low_precision,no_esrs_datapoint,0,
A18,,,2-7,2-7,,,,,,,,,,,,19,low_precision,no_esrs_datapoint,0,
A18,,,2-8,2-8,,,,,,,,,,,,9,low_precision,no_esrs_datapoint,0,
A18,,,405-1,405-1,,,,,,,,,,,,6,low_precision,no_esrs_datapoint,0,
A18a,,,2-7,2-7-A,,,,,,,,,,,,19,low_precision,no_esrs_datapoint,0,
A18a,,,2-7,2-7-B-I-II,,,,,,,,,,,,19,low_precision,no_esrs_datapoint,0,
A18a,,,2-8,2-8-A,,,,,,,,,,,,9,low_precision,no_esrs_datapoint,0,
A18b,,,405-1,405-1-B-III,,,,,,,,,,,,6,low_precision,no_esrs_datapoint,0,
A19,,,405-1,405-1,,,,,,,,,,,,6,low_precision,no_esrs_datapoint,0,
A19,,,405-1,405-1-A-I,,,,,,,,,,,,6,low_precision,no_esrs_datapoint,0,
A19,,,405-1,405-1-B-I,,,,,,,,,,,,6,low_precision,no_esrs_datapoint,0,
A20,,,401-1,401-1,,,,,,,,,,,,2,low_precision,no_esrs_datapoint,0,
A20,,,401-1,401-1-B,,,,,,,,,,,,2,low_precision,no_esrs_datapoint,0,
A21,,,2-2,2-2,,,,,,,,,,,,2,low_precision,no_esrs_datapoint,0,
A21,,,2-2,2-2-A,,,,,,,,,,,,2,low_precision,no_esrs_datapoint,0,
A21,,,2-2,2-2-B,,,,,,,,,,,,2,low_precision,no_esrs_datapoint,0,
A22,,,201-1,201-1,,,,,,,,,,,,1,low_precision,no_esrs_datapoint,0,
A22,,,201-1,201-1-A-I-II,,,,,,,,,,,,1,low_precision,no_esrs_datapoint,0,
A23,,,2-25,2-25,,,,,,,,,,,,43,low_precision,no_esrs_datapoint,0,
A23,,,2-25,2-25-E,,,,,,,,,,,,43,low_precision,no_esrs_datapoint,0,
A24,,,201-2,201-2-A,,,,,,,,,,,,9,low_precision,no_esrs_datapoint,0,
A24,,,3-1,3-1,,,,,,,,,,,,8,low_precision,no_esrs_datapoint,0,
A24,,,3-1,3-1-A-I-II,,,,,,,,,,,,8,low_precision,no_esrs_datapoint,0,
A24,,,3-1,3-1-B,,,,,,,,,,,,8,low_precision,no_esrs_datapoint,0,
A24,,,3-2,3-2,,,,,,,,,,,,4,low_precision,no_esrs_datapoint,0,
A24,,,3-2,3-2-A,,,,,,,,,,,,4,low_precision,no_esrs_datapoint,0,
A24,,,3-3,3-3,,,,,,,,,,,,186,low_precision,no_esrs_datapoint,0,
A24,,,3-3,3-3-A,,,,,,,,,,,,186,low_precision,no_esrs_datapoint,0,
A24,,,3-3,3-3-D-I-II,,,,,,,,,,,,186,low_precision,no_esrs_datapoint,0,
B1,,,2-23,2-23,,,,,,,,,,,,20,low_precision,no_esrs_datapoint,0,
B1,,,2-23,2-23-A,,,,,,,,,,,,20,low_precision,no_esrs_datapoint,0,
B1,,,2-23,2-23-C,,,,,,,,,,,,20,low_precision,no_esrs_datapoint,0,
B1,,,2-23,2-23-D,,,,,,,,,,,,20,low_precision,no_esrs_datapoint,0,
B2,,,2-24,2-24,,,,,,,,,,,,6,low_precision,no_esrs_datapoint,0,
B2,,,2-24,2-24-A-II,,,,,,,,,,,,6,low_precision,no_esrs_datapoint,0,
B3,,,2-23,2-23,,,,,,,,,,,,20,low_precision,no_esrs_datapoint,0,
B3,,,2-23,2-23-E,,,,,,,,,,,,20,low_precision,no_esrs_datapoint,0,
B5,,,3-3,3-3,,,,,,,,,,,,186,low_precision,no_esrs_datapoint,0,
B5,,,3-3,3-3-C,,,,,,,,,,,,186,low_precision,no_esrs_datapoint,0,
B5,,,3-3,3-3-E-II,,,,,,,,,,,,186,low_precision,no_esrs_datapoint,0,
B6,,,3-3,3-3,,,,,,,,,,,,186,low_precision,no_esrs_datapoint,0,
B6,,,3-3,3-3-E-III,,,,,,,,,,,,186,low_precision,no_esrs_datapoint,0,
B7,,,2-22,2-22,,,,,,,,,,,,2,low_precision,no_esrs_datapoint,0,
B7,,,2-22,2-22-A,,,,,,,,,,,,2,low_precision,no_esrs_datapoint,0,
B8,,,2-13,2-13,,,,,,,,,,,,3,low_precision,no_esrs_datapoint,0,
B8,,,2-13,2-13-A-I,,,,,,,,,,,,3,low_precision,no_esrs_datapoint,0,
B9,,,2-9,2-9,,,,,,,,,,,,12,low_precision,no_esrs_datapoint,0,
B9,,,2-9,2-9-B,,,,,,,,,,,,12,low_precision,no_esrs_datapoint,0,
B9,,,2-9,2-9-C-I-VIII,,,,,,,,,,,,12,low_precision,no_esrs_datapoint,0,
P1-E1,,,2-17,2-17,,,,,,,,,,,,1,low_precision,no_esrs_datapoint,0,
P1-E1,,,2-17,2-17-A,,,,,,,,,,,,1,low_precision,no_esrs_datapoint,0,
P1-E1,,,2-24,2-24,,,,,,,,,,,,6,low_precision,no_esrs_datapoint,0,
P1-E1,,,2-24,2-24-A-IV,,,,,,,,,,,,6,low_precision,no_esrs_datapoint,0,
P1-E2,,,2-27,2-27,,,,,,,,,,,,7,low_precision,no_esrs_datapoint,0,
P1-E3,,,2-27,2-27,,,,,,,,,,,,7,low_precision,no_esrs_datapoint,0,
P1-E4,,,2-23,2-23,,,,,,,,,,,,20,low_precision,no_esrs_datapoint,0,
P1-E4,,,2-23,2-23-A,,,,,,,,,,,,20,low_precision,no_esrs_datapoint,0,
P1-E4,,,2-23,2-23-C,,,,,,,,,,,,20,low_precision,no_esrs_datapoint,0,
P1-E4,,,3-3,3-3,,,,,,,,,,,,186,low_precision,no_esrs_datapoint,0,
P1-E4,,,3-3,3-3-C,,,,,,,,,,,,186,low_precision,no_esrs_datapoint,0,
P1-E5,,,205-3,205-3,,,,,,,,,,,,5,low_precision,no_esrs_datapoint,0,
P1-E5,,,205-3,205-3-A,,,,,,,,,,,,5,low_precision,no_esrs_datapoint,0,
P1-E5,,,205-3,205-3-B,,,,,,,,,,,,5,low_precision,no_esrs_datapoint,0,
P1-E6,,,2-25,2-25-E,,,,,,,,,,,,43,low_precision,no_esrs_datapoint,0,
P1-E7,,,205-3,205-3,,,,,,,,,,,,5,low_precision,no_esrs_datapoint,0,
P1-E7,,,205-3,205-3-D,,,,,,,,,,,,5,low_precision,no_esrs_datapoint,0,
P1-L1,,,2-24,2-24,,,,,,,,,,,,6,low_precision,no_esrs_datapoint,0,
P1-L1,,,2-24,2-24-A-IV,,,,,,,,,,,,6,low_precision,no_esrs_datapoint,0,
P2-E3,,,3-3,3-3,,,,,,,,,,,,186,low_precision,no_esrs_datapoint,0,
P2-E3,,,3-3,3-3-D,,,,,,,,,,,,186,low_precision,no_esrs_datapoint,0,
P2-E3,,,306-2,306-2,,,,,,,,,,,,9,low_precision,no_esrs_datapoint,0,
P2-E3,,,306-2,306-2-A,,,,,,,,,,,,9,low_precision,no_esrs_datapoint,0,
P2-L2,,,3-3,3-3,,,,,,,,,,,,186,low_precision,no_esrs_datapoint,0,
P2-L2,,,3-3,3-3-A,,,,,,,,,,,,186,low_precision,no_esrs_datapoint,0,
P2-L2,,,3-3,3-3-D-I-III,,,,,,,,,,,,186,low_precision,no_esrs_datapoint,0,
P2-L2,,,306-2,306-2,,,,,,,,,,,,9,low_precision,no_esrs_datapoint,0,
P2-L2,,,306-2,306-2-A,,,,,,,,,,,,9,low_precision,no_esrs_datapoint,0,
P2-L3,,,301-2,301-2,,,,,,,,,,,,1,low_precision,no_esrs_datapoint,0,
P2-L3,,,301-2,301-2-A,,,,,,,,,,,,1,low_precision,no_esrs_datapoint,0,
P3-E1,,,401-2,401-2,,,,,,,,,,,,9,low_precision,no_esrs_datapoint,0,
P3-E10,,,403-1,403-1,,,,,,,,,,,,1,low_precision,no_esrs_datapoint,0,
P3-E10a,,,403-1,403-1-A,,,,,,,,,,,,1,low_precision,no_esrs_datapoint,0,
P3-E10a,,,403-1,403-1-B,,,,,,,,,,,,1,low_precision,no_esrs_datapoint,0,
P3-E11,,,403-10,403-10,,,,,,,,,,,,3,low_precision,no_esrs_datapoint,0,
P3-E11,,,403-10,403-10-A,,,,,,,,,,,,3,low_precision,no_esrs_datapoint,0,
P3-E11,,,403-10,403-10-B-II,,,,,,,,,,,,3,low_precision,no_esrs_datapoint,0,
P3-E11,,,403-9,403-9,,,,,,,,,,,,6,low_precision,no_esrs_datapoint,0,
P3-E11,,,403-9,403-9-A-I-V,,,,,,,,,,,,6,low_precision,no_esrs_datapoint,0,
P3-E11,,,403-9,403-9-B-I-V,,,,,,,,,,,,6,low_precision,no_esrs_datapoint,0,
P3-E12,,,3-3,3-3,,,,,,,,,,,,186,low_precision,no_esrs_datapoint,0,
P3-E12,,,3-3,3-3-D-I-III,,,,,,,,,,,,186,low_precision,no_esrs_datapoint,0,
P3-E12,,,403-10,403-10,,,,,,,,,,,,3,low_precision,no_esrs_datapoint,0,
P3-E12,,,403-10,403-10-C-III,,,,,,,,,,,,3,low_precision,no_esrs_datapoint,0,
P3-E12,,,403-9,403-9,,,,,,,,,,,,6,low_precision,no_esrs_datapoint,0,
P3-E12,,,403-9,403-9-C-III,,,,,,,,,,,,6,low_precision,no_esrs_datapoint,0,
P3-E12,,,403-9,403-9-D,,,,,,,,,,,,6,low_precision,no_esrs_datapoint,0,
P3-E13,,,2-25,2-25-E,,,,,,,,,,,,43,low_precision,no_esrs_datapoint,0,
P3-E14,,,3-3,3-3-E-I,,,,,,,,,,,,186,low_precision,no_esrs_datapoint,0,
P3-E15,,,3-3,3-3,,,,,,,,,,,,186,low_precision,no_esrs_datapoint,0,
P3-E15,,,403-10,403-10,,,,,,,,,,,,3,low_precision,no_esrs_datapoint,0,
P3-E15,,,403-10,403-10-C-II-III,,,,,,,,,,,,3,low_precision,no_esrs_datapoint,0,
P3-E15,,,403-9,403-9,,,,,,,,,,,,6,low_precision,no_esrs_datapoint,0,
P3-E15,,,403-9,403-9-C-II-III,,,,,,,,,,,,6,low_precision,no_esrs_datapoint,0,
P3-E15,,,403-9,403-9-D,,,,,,,,,,,,6,low_precision,no_esrs_datapoint,0,
P3-E1a,,,401-2,401-2-A-I,,,,,,,,,,,,9,low_precision,no_esrs_datapoint,0,
P3-E3,,,3-3,3-3,,,,,,,,,,,,186,low_precision,no_esrs_datapoint,0,
P3-E3,,,3-3,3-3-C,,,,,,,,,,,,186,low_precision,no_esrs_datapoint,0,
P3-E5,,,401-3,401-3,,,,,,,,,,,,3,low_precision,no_esrs_datapoint,0,
P3-E5,,,401-3,401-3-A,,,,,,,,,,,,3,low_precision,no_esrs_datapoint,0,
P3-E5,,,401-3,401-3-B,,,,,,,,,,,,3,low_precision,no_esrs_datapoint,0,
P3-E5,,,401-3,401-3-C,,,,,,,,,,,,3,low_precision,no_esrs_datapoint,0,
P3-E5,,,401-3,401-3-D,,,,,,,,,,,,3,low_precision,no_esrs_datapoint,0,
P3-E5,,,401-3,401-3-E,,,,,,,,,,,,3,low_precision,no_esrs_datapoint,0,
P3-E6,,,2-25,2-25-B,,,,,,,,,,,,43,low_precision,no_esrs_datapoint,0,
P3-E7,,,2-30,2-30,,,,,,,,,,,,5,low_precision,no_esrs_datapoint,0,
P3-E7,,,2-30,2-30-A,,,,,,,,,,,,5,low_precision,no_esrs_datapoint,0,
P3-E8,,,404-1,404-1,,,,,,,,,,,,4,low_precision,no_esrs_datapoint,0,
P3-E8,,,404-1,404-1-A-I,,,,,,,,,,,,4,low_precision,no_esrs_datapoint,0,
P3-E8,,,404-2,404-2,,,,,,,,,,,,1,low_precision,no_esrs_datapoint,0,
P3-E8,,,404-2,404-2-A,,,,,,,,,,,,1,low_precision,no_esrs_datapoint,0,
P3-E9,,,404-3,404-3,,,,,,,,,,,,2,low_precision,no_esrs_datapoint,0,
P3-E9,,,404-3,404-3-A,,,,,,,,,,,,2,low_precision,no_esrs_datapoint,0,
P3-L3,,,3-3,3-3-D-II,,,,,,,,,,,,186,low_precision,no_esrs_datapoint,0,
P3-L4,,,404-2,404-2,,,,,,,,,,,,1,low_precision,no_esrs_datapoint,0,
P3-L4,,,404-2,404-2-B,,,,,,,,,,,,1,low_precision,no_esrs_datapoint,0,
P4-E1,,,2-29,2-29,,,,,,,,,,,,31,low_precision,no_esrs_datapoint,0,
P4-E1,,,2-29,2-29-A-I,,,,,,,,,,,,31,low_precision,no_esrs_datapoint,0,
P4-E2,,,2-29,2-29,,,,,,,,,,,,31,low_precision,no_esrs_datapoint,0,
P4-E2,,,2-29,2-29-A-I-III,,,,,,,,,,,,31,low_precision,no_esrs_datapoint,0,
P4-E2,,,3-1,3-1,,,,,,,,,,,,8,low_precision,no_esrs_datapoint,0,
P4-E2,,,3-1,3-1-B,,,,,,,,,,,,8,low_precision,no_esrs_datapoint,0,
P4-L1,,,2-12,2-12,,,,,,,,,,,,6,low_precision,no_esrs_datapoint,0,
P4-L1,,,2-13,2-13,,,,,,,,,,,,3,low_precision,no_esrs_datapoint,0,
P4-L1,,,2-29,2-29-A-I,,,,,,,,,,,,31,low_precision,no_esrs_datapoint,0,
P4-L2,,,3-1,3-1,,,,,,,,,,,,8,low_precision,no_esrs_datapoint,0,
P4-L2,,,3-1,3-1-A-I-II,,,,,,,,,,,,8,low_precision,no_esrs_datapoint,0,
P4-L2,,,3-1,3-1-B,,,,,,,,,,,,8,low_precision,no_esrs_datapoint,0,
P4-L3,,,2-29,2-29,,,,,,,,,,,,31,low_precision,no_esrs_datapoint,0,
P4-L3,,,2-29,2-29-A-I,,,,,,,,,,,,31,low_precision,no_esrs_datapoint,0,
P4-L3,,,2-29,2-29-A-I-III,,,,,,,,,,,,31,low_precision,no_esrs_datapoint,0,
P4-L3,,,2-29,2-29-A-III,,,,,,,,,,,,31,low_precision,no_esrs_datapoint,0,
P5-E1,,,2-24,2-24,,,,,,,,,,,,6,low_precision,no_esrs_datapoint,0,
P5-E1,,,2-24,2-24-A-IV,,,,,,,,,,,,6,low_precision,no_esrs_datapoint,0,
P5-E1,,,205-2,205-2,,,,,,,,,,,,5,low_precision,no_esrs_datapoint,0,
P5-E1,,,205-2,205-2-E,,,,,,,,,,,,5,low_precision,no_esrs_datapoint,0,
P5-E1,,,404-1,404-1,,,,,,,,,,,,4,low_precision,no_esrs_datapoint,0,
P5-E1,,,404-1,404-1-A-I-II,,,,,,,,,,,,4,low_precision,no_esrs_datapoint,0,
P5-E10,,,3-3,3-3,,,,,,,,,,,,186,low_precision,no_esrs_datapoint,0,
P5-E10,,,3-3,3-3-D-I-II,,,,,,,,,,,,186,low_precision,no_esrs_datapoint,0,
P5-E2,,,202-1,202-1,,,,,,,,,,,,4,low_precision,no_esrs_datapoint,0,
P5-E2,,,202-1,202-1-A,,,,,,,,,,,,4,low_precision,no_esrs_datapoint,0,
P5-E2,,,202-1,202-1-B,,,,,,,,,,,,4,low_precision,no_esrs_datapoint,0,
P5-E2,,,405-2,405-2,,,,,,,,,,,,3,low_precision,no_esrs_datapoint,0,
P5-E2,,,405-2,405-2-A,,,,,,,,,,,,3,low_precision,no_esrs_datapoint,0,
P5-E3,,,2-19,2-19,,,,,,,,,,,,6,low_precision,no_esrs_datapoint,0,
P5-E3,,,2-19,2-19-A-I-V,,,,,,,,,,,,6,low_precision,no_esrs_datapoint,0,
P5-E3,,,2-21,2-21,,,,,,,,,,,,2,low_precision,no_esrs_datapoint,0,
P5-E3,,,2-21,2-21-A,,,,,,,,,,,,2,low_precision,no_esrs_datapoint,0,
P5-E4,,,2-13,2-13,,,,,,,,,,,,3,low_precision,no_esrs_datapoint,0,
P5-E4,,,2-13,2-13-A-I-II,,,,,,,,,,,,3,low_precision,no_esrs_datapoint,0,
P5-E5,,,2-25,2-25,,,,,,,,,,,,43,low_precision,no_esrs_datapoint,0,
P5-E5,,,2-25,2-25-B,,,,,,,,,,,,43,low_precision,no_esrs_datapoint,0,
P5-E5,,,2-25,2-25-D,,,,,,,,,,,,43,low_precision,no_esrs_datapoint,0,
P5-E5,,,2-25,2-25-E,,,,,,,,,,,,43,low_precision,no_esrs_datapoint,0,
P5-E6,,,2-25,2-25-E,,,,,,,,,,,,43,low_precision,no_esrs_datapoint,0,
P5-E6,,,406-1,406-1,,,,,,,,,,,,3,low_precision,no_esrs_datapoint,0,
P5-E6,,,406-1,406-1-A,,,,,,,,,,,,3,low_precision,no_esrs_datapoint,0,
P5-E7,,,2-25,2-25,,,,,,,,,,,,43,low_precision,no_esrs_datapoint,0,
P5-E7,,,2-25,2-25-E,,,,,,,,,,,,43,low_precision,no_esrs_datapoint,0,
P5-E8,,,2-23,2-23,,,,,,,,,,,,20,low_precision,no_esrs_datapoint,0,
P5-E8,,,2-23,2-23-A-IV,,,,,,,,,,,,20,low_precision,no_esrs_datapoint,0,
P5-E8,,,2-23,2-23-E,,,,,,,,,,,,20,low_precision,no_esrs_datapoint,0,
P5-E8,,,2-23,2-23-F,,,,,,,,,,,,20,low_precision,no_esrs_datapoint,0,
P5-E8,,,2-24,2-24,,,,,,,,,,,,6,low_precision,no_esrs_datapoint,0,
P5-E8,,,2-24,2-24-A-III,,,,,,,,,,,,6,low_precision,no_esrs_datapoint,0,
P5-E8,,,3-3,3-3,,,,,,,,,,,,186,low_precision,no_esrs_datapoint,0,
P5-L1,,,2-25,2-25,,,,,,,,,,,,43,low_precision,no_esrs_datapoint,0,
P5-L1,,,2-25,2-25-B,,,,,,,,,,,,43,low_precision,no_esrs_datapoint,0,
P5-L1,,,2-25,2-25-E,,,,,,,,,,,,43,low_precision,no_esrs_datapoint,0,
P5-L1,,,3-3,3-3,,,,,,,,,,,,186,low_precision,no_esrs_datapoint,0,
P5-L1,,,3-3,3-3-D-I-II,,,,,,,,,,,,186,low_precision,no_esrs_datapoint,0,
P5-L1,,,3-3,3-3-D-II,,,,,,,,,,,,186,low_precision,no_esrs_datapoint,0,
P5-L2,,,3-1,3-1,,,,,,,,,,,,8,low_precision,no_esrs_datapoint,0,
P5-L2,,,3-1,3-1-A-I,,,,,,,,,,,,8,low_precision,no_esrs_datapoint,0,
P5-L2,,,3-3,3-3,,,,,,,,,,,,186,low_precision,no_esrs_datapoint,0,
P5-L2,,,3-3,3-3-A,,,,,,,,,,,,186,low_precision,no_esrs_datapoint,0,
P5-L2,,,3-3,3-3-C,,,,,,,,,,,,186,low_precision,no_esrs_datapoint,0,
P5-L2,,,3-3,3-3-D,,,,,,,,,,,,186,low_precision,no_esrs_datapoint,0,
P5-L3,,,3-3,3-3,,,,,,,,,,,,186,low_precision,no_esrs_datapoint,0,
P5-L4,,,3-3,3-3,,,,,,,,,,,,186,low_precision,no_esrs_datapoint,0,
P6-E1,,,302-1,302-1,,,,,,,,,,,,12,low_precision,no_esrs_datapoint,0,
P6-E1,,,302-1,302-1-A,,,,,,,,,,,,12,low_precision,no_esrs_datapoint,0,
P6-E1,,,302-1,302-1-B,,,,,,,,,,,,12,low_precision,no_esrs_datapoint,0,
P6-E1,,,302-1,302-1-C-I,,,,,,,,,,,,12,low_precision,no_esrs_datapoint,0,
P6-E1,,,302-1,302-1-E,,,,,,,,,,,,12,low_precision,no_esrs_datapoint,0,
P6-E1,,,302-3,302-3,,,,,,,,,,,,1,low_precision,no_esrs_datapoint,0,
P6-E1,,,302-3,302-3-A,,,,,,,,,,,,1,low_precision,no_esrs_datapoint,0,
P6-E10,,,304-1,304-1,,,,,,,,,,,,1,low_precision,no_esrs_datapoint,0,
P6-E10,,,304-1,304-1-A-I-V,,,,,,,,,,,,1,low_precision,no_esrs_datapoint,0,
P6-E11,,,303-1,303-1,,,,,,,,,,,,5,low_precision,no_esrs_datapoint,0,
P6-E11,,,303-1,303-1-A,,,,,,,,,,,,5,low_precision,no_esrs_datapoint,0,
P6-E11,,,303-1,303-1-B,,,,,,,,,,,,5,low_precision,no_esrs_datapoint,0,
P6-E11,,,413-1,413-1,,,,,,,,,,,,1,low_precision,no_esrs_datapoint,0,
P6-E11,,,413-1,413-1-A-II,,,,,,,,,,,,1,low_precision,no_esrs_datapoint,0,
P6-E12,,,2-27,2-27,,,,,,,,,,,,7,low_precision,no_esrs_datapoint,0,
P6-E12,,,2-27,2-27-B-I-II,,,,,,,,,,,,7,low_precision,no_esrs_datapoint,0,
P6-E2,,,3-3,3-3,,,,,,,,,,,,186,low_precision,no_esrs_datapoint,0,
P6-E3,,,303-3,303-3,,,,,,,,,,,,1,low_precision,no_esrs_datapoint,0,
P6-E3,,,303-3,303-3-A-I-V,,,,,,,,,,,,1,low_precision,no_esrs_datapoint,0,
P6-E3,,,303-5,303-5,,,,,,,,,,,,4,low_precision,no_esrs_datapoint,0,
P6-E3,,,303-5,303-5-A,,,,,,,,,,,,4,low_precision,no_esrs_datapoint,0,
P6-E4,,,303-1,303-1-A,,,,,,,,,,,,5,low_precision,no_esrs_datapoint,0,
P6-E4,,,303-2,303-2-A,,,,,,,,,,,,2,low_precision,no_esrs_datapoint,0,
P6-E5,,,305-7,305-7,,,,,,,,,,,,5,low_precision,no_esrs_datapoint,0,
P6-E5,,,305-7,305-7-A-I-VII,,,,,,,,,,,,5,low_precision,no_esrs_datapoint,0,
P6-E6,,,305-1,305-1,,,,,,,,,,,,3,low_precision,no_esrs_datapoint,0,
P6-E6,,,305-1,305-1-B,,,,,,,,,,,,3,low_precision,no_esrs_datapoint,0,
P6-E6,,,305-2,305-2,,,,,,,,,,,,2,low_precision,no_esrs_datapoint,0,
P6-E6,,,305-2,305-2-A,,,,,,,,,,,,2,low_precision,no_esrs_datapoint,0,
P6-E6,,,305-2,305-2-B,,,,,,,,,,,,2,low_precision,no_esrs_datapoint,0,
P6-E6,,,305-2,305-2-C,,,,,,,,,,,,2,low_precision,no_esrs_datapoint,0,
P6-E6,,,305-4,305-4,,,,,,,,,,,,2,low_precision,no_esrs_datapoint,0,
P6-E6,,,305-4,305-4-A,,,,,,,,,,,,2,low_precision,no_esrs_datapoint,0,
P6-E6,,,305-4,305-4-B,,,,,,,,,,,,2,low_precision,no_esrs_datapoint,0,
P6-E6,,,305-4,305-4-C,,,,,,,,,,,,2,low_precision,no_esrs_datapoint,0,
P6-E7,,,305-5,305-5,,,,,,,,,,,,7,low_precision,no_esrs_datapoint,0,
P6-E7,,,305-5,305-5-A,,,,,,,,,,,,7,low_precision,no_esrs_datapoint,0,
P6-E7,,,305-5,305-5-B,,,,,,,,,,,,7,low_precision,no_esrs_datapoint,0,
P6-E7,,,305-5,305-5-C,,,,,,,,,,,,7,low_precision,no_esrs_datapoint,0,
P6-E7,,,305-5,305-5-D,,,,,,,,,,,,7,low_precision,no_esrs_datapoint,0,
P6-E8,,,306-3,306-3,,,,,,,,,,,,3,low_precision,no_esrs_datapoint,0,
P6-E8,,,306-3,306-3-A,,,,,,,,,,,,3,low_precision,no_esrs_datapoint,0,
P6-E8,,,306-4,306-4-A,,,,,,,,,,,,1,low_precision,no_esrs_datapoint,0,
P6-E8,,,306-4,306-4-B-I-III,,,,,,,,,,,,1,low_precision,no_esrs_datapoint,0,
P6-E8,,,306-4,306-4-C-I-III,,,,,,,,,,,,1,low_precision,no_esrs_datapoint,0,
P6-E8,,,306-5,306-5,,,,,,,,,,,,1,low_precision,no_esrs_datapoint,0,
P6-E8,,,306-5,306-5-A,,,,,,,,,,,,1,low_precision,no_esrs_datapoint,0,
P6-E8,,,306-5,306-5-B-I-III,,,,,,,,,,,,1,low_precision,no_esrs_datapoint,0,
P6-E8,,,306-5,306-5-C-I-IV,,,,,,,,,,,,1,low_precision,no_esrs_datapoint,0,
P6-E9,,,3-3,3-3,,,,,,,,,,,,186,low_precision,no_esrs_datapoint,0,
P6-E9,,,3-3,3-3-C,,,,,,,,,,,,186,low_precision,no_esrs_datapoint,0,
P6-E9,,,3-3,3-3-D-I-II,,,,,,,,,,,,186,low_precision,no_esrs_datapoint,0,
P6-E9,,,306-2,306-2,,,,,,,,,,,,9,low_precision,no_esrs_datapoint,0,
P6-E9,,,306-2,306-2-A,,,,,,,,,,,,9,low_precision,no_esrs_datapoint,0,
P6-L1,,,302-1,302-1,,,,,,,,,,,,12,low_precision,no_esrs_datapoint,0,
P6-L1,,,302-1,302-1-A,,,,,,,,,,,,12,low_precision,no_esrs_datapoint,0,
P6-L1,,,302-1,302-1-B,,,,,,,,,,,,12,low_precision,no_esrs_datapoint,0,
P6-L1,,,302-1,302-1-C-I,,,,,,,,,,,,12,low_precision,no_esrs_datapoint,0,
P6-L1,,,302-1,302-1-E,,,,,,,,,,,,12,low_precision,no_esrs_datapoint,0,
P6-L2,,,303-4,303-4,,,,,,,,,,,,1,low_precision,no_esrs_datapoint,0,
P6-L2,,,303-4,303-4-A-I-IV,,,,,,,,,,,,1,low_precision,no_esrs_datapoint,0,
P6-L3,,,303-3,303-3,,,,,,,,,,,,1,low_precision,no_esrs_datapoint,0,
P6-L3,,,303-3,303-3-B-I-IV,,,,,,,,,,,,1,low_precision,no_esrs_datapoint,0,
P6-L3,,,303-4,303-4,,,,,,,,,,,,1,low_precision,no_esrs_datapoint,0,
P6-L3,,,303-4,303-4-A-I-II,,,,,,,,,,,,1,low_precision,no_esrs_datapoint,0,
P6-L4,,,305-3,305-3,,,,,,,,,,,,5,low_precision,no_esrs_datapoint,0,
P6-L4,,,305-3,305-3-A,,,,,,,,,,,,5,low_precision,no_esrs_datapoint,0,
P6-L4,,,305-3,305-3-B,,,,,,,,,,,,5,low_precision,no_esrs_datapoint,0,
P6-L4,,,305-4,305-4,,,,,,,,,,,,2,low_precision,no_esrs_datapoint,0,
P6-L4,,,305-4,305-4-A,,,,,,,,,,,,2,low_precision,no_esrs_datapoint,0,
P6-L4,,,305-4,305-4-B,,,,,,,,,,,,2,low_precision,no_esrs_datapoint,0,
P6-L4,,,305-4,305-4-C,,,,,,,,,,,,2,low_precision,no_esrs_datapoint,0,
P6-L5,,,304-2,304-2,,,,,,,,,,,,5,low_precision,no_esrs_datapoint,0,
P6-L5,,,304-2,304-2-A-I-VI,,,,,,,,,,,,5,low_precision,no_esrs_datapoint,0,
P6-L5,,,304-2,304-2-B-I-IV,,,,,,,,,,,,5,low_precision,no_esrs_datapoint,0,
P6-L5,,,304-3,304-3,,,,,,,,,,,,2,low_precision,no_esrs_datapoint,0,
P6-L5,,,304-3,304-3-A,,,,,,,,,,,,2,low_precision,no_esrs_datapoint,0,
P6-L6,,,3-3,3-3,,,,,,,,,,,,186,low_precision,no_esrs_datapoint,0,
P7-E2,,,3-3,3-3,,,,,,,,,,,,186,low_precision,no_esrs_datapoint,0,
P8-E1,,,413-1,413-1-A-I-III,,,,,,,,,,,,1,low_precision,no_esrs_datapoint,0,
P8-E2,,,2-25,2-25,,,,,,,,,,,,43,low_precision,no_esrs_datapoint,0,
P8-E2,,,3-3,3-3,,,,,,,,,,,,186,low_precision,no_esrs_datapoint,0,
P8-E2,,,413-1,413-1,,,,,,,,,,,,1,low_precision,no_esrs_datapoint,0,
P8-E2,,,413-1,413-1-A-IV,,,,,,,,,,,,1,low_precision,no_esrs_datapoint,0,
P8-E3,,,2-25,2-25-B,,,,,,,,,,,,43,low_precision,no_esrs_datapoint,0,
P8-E3,,,3-3,3-3,,,,,,,,,,,,186,low_precision,no_esrs_datapoint,0,
P8-E3,,,413-1,413-1-A-VIII,,,,,,,,,,,,1,low_precision,no_esrs_datapoint,0,
P8-L1,,,3-3,3-3,,,,,,,,,,,,186,low_precision,no_esrs_datapoint,0,
P8-L1,,,3-3,3-3-D-I-II,,,,,,,,,,,,186,low_precision,no_esrs_datapoint,0,
P8-L1,,,413-1,413-1,,,,,,,,,,,,1,low_precision,no_esrs_datapoint,0,
P8-L1,,,413-1,413-1-A-IV,,,,,,,,,,,,1,low_precision,no_esrs_datapoint,0,
P8-L2,,,413-1,413-1-A-IV,,,,,,,,,,,,1,low_precision,no_esrs_datapoint,0,
P8-L3,,,3-3,3-3,,,,,,,,,,,,186,low_precision,no_esrs_datapoint,0,
P8-L4,,,201-1,201-1-A,,,,,,,,,,,,1,low_precision,no_esrs_datapoint,0,
P8-L5,,,3-3,3-3,,,,,,,,,,,,186,low_precision,no_esrs_datapoint,0,
P8-L5,,,3-3,3-3-D-I-II,,,,,,,,,,,,186,low_precision,no_esrs_datapoint,0,
P8-L6,,,413-1,413-1-A-IVC,,,,,,,,,,,,1,low_precision,no_esrs_datapoint,0,
P9-E1,,,2-25,2-25-B,,,,,,,,,,,,43,low_precision,no_esrs_datapoint,0,
P9-E1,,,2-25,2-25-D,,,,,,,,,,,,43,low_precision,no_esrs_datapoint,0,
P9-E1,,,2-25,2-25-E,,,,,,,,,,,,43,low_precision,no_esrs_datapoint,0,
P9-E3,,,418-1,418-1,,,,,,,,,,,,1,low_precision,no_esrs_datapoint,0,
P9-E3,,,418-1,418-1-A-I-II,,,,,,,,,,,,1,low_precision,no_esrs_datapoint,0,
P9-E3,,,418-1,418-1-B,,,,,,,,,,,,1,low_precision,no_esrs_datapoint,0,
P9-E5,,,2-23,2-23-A,,,,,,,,,,,,20,low_precision,no_esrs_datapoint,0,
P9-E5,,,2-23,2-23-C,,,,,,,,,,,,20,low_precision,no_esrs_datapoint,0,
P9-E5,,,3-3,3-3,,,,,,,,,,,,186,low_precision,no_esrs_datapoint,0,
P9-E6,,,3-3,3-3,,,,,,,,,,,,186,low_precision,no_esrs_datapoint,0,
P9-E6,,,3-3,3-3-D-I-II,,,,,,,,,,,,186,low_precision,no_esrs_datapoint,0,
P9-L1,,,2-6,2-6-B-I,,,,,,,,,,,,11,low_precision,no_esrs_datapoint,0,
P9-L2,,,3-3,3-3,,,,,,,,,,,,186,low_precision,no_esrs_datapoint,0,
P9-L5,,,418-1,418-1,,,,,,,,,,,,1,low_precision,no_esrs_datapoint,0,
P9-L5,,,418-1,418-1-A,,,,,,,,,,,,1,low_precision,no_esrs_datapoint,0,
