brsr_id,gri_code,gri_disclosure,esrs_datapoint_count,expansion_class,interop_support,brsr_match_type,brsr_mapping_semantics,precision_class,precision_reason
A13,2-2,2-2,2,moderate_expansion,direct,direct,direct,review,small_expansion
A13,2-2-A,2-2,2,moderate_expansion,direct,direct,direct,review,small_expansion
A13,2-2-C,2-2,2,moderate_expansion,direct,direct,direct,review,small_expansion
A20,401-1,401-1,2,moderate_expansion,partial_requirement,direct,direct,review,small_expansion
A20,401-1-B,401-1,2,moderate_expansion,partial_requirement,direct,direct,review,small_expansion
A21,2-2,2-2,2,moderate_expansion,direct,direct,direct,review,small_expansion
A21,2-2-A,2-2,2,moderate_expansion,direct,direct,direct,review,small_expansion
A21,2-2-B,2-2,2,moderate_expansion,direct,direct,direct,review,small_expansion
A22,201-1,201-1,1,low_expansion,partial_requirement,direct,direct,review,one_to_one_but_interop_type_uncertain
A22,201-1-A-I-II,201-1,1,low_expansion,partial_requirement,direct,direct,review,one_to_one_but_interop_type_uncertain
B7,2-22,2-22,2,moderate_expansion,direct,direct,direct,review,small_expansion
B7,2-22-A,2-22,2,moderate_expansion,direct,direct,direct,review,small_expansion
B8,2-13,2-13,3,moderate_expansion,direct,direct,direct,review,small_expansion
B8,2-13-A-I,2-13,3,moderate_expansion,direct,direct,direct,review,small_expansion
P1-E1,2-17,2-17,1,low_expansion,direct,direct,direct,review,one_to_one_but_interop_type_uncertain
P1-E1,2-17-A,2-17,1,low_expansion,direct,direct,direct,review,one_to_one_but_interop_type_uncertain
P2-L3,301-2,301-2,1,low_expansion,direct,direct,direct,review,one_to_one_but_interop_type_uncertain
P2-L3,301-2-A,301-2,1,low_expansion,direct,direct,direct,review,one_to_one_but_interop_type_uncertain
P3-E10,403-1,403-1,1,low_expansion,partial_requirement,direct,direct,review,one_to_one_but_interop_type_uncertain
P3-E10a,403-1-A,403-1,1,low_expansion,partial_requirement,direct,direct,review,one_to_one_but_interop_type_uncertain
P3-E10a,403-1-B,403-1,1,low_expansion,partial_requirement,direct,direct,review,one_to_one_but_interop_type_uncertain
P3-E11,403-10,403-10,3,moderate_expansion,partial_requirement,direct,direct,review,small_expansion
P3-E11,403-10-A,403-10,3,moderate_expansion,partial_requirement,direct,direct,review,small_expansion
P3-E11,403-10-B-II,403-10,3,moderate_expansion,partial_requirement,direct,direct,review,small_expansion
P3-E12,403-10,403-10,3,moderate_expansion,partial_requirement,direct,direct,review,small_expansion
P3-E12,403-10-C-III,403-10,3,moderate_expansion,partial_requirement,direct,direct,review,small_expansion
P3-E15,403-10,403-10,3,moderate_expansion,partial_requirement,direct,direct,review,small_expansion
P3-E15,403-10-C-II-III,403-10,3,moderate_expansion,partial_requirement,direct,direct,review,small_expansion
P3-E5,401-3,401-3,3,moderate_expansion,partial_requirement,direct,direct,review,small_expansion
P3-E5,401-3-A,401-3,3,moderate_expansion,partial_requirement,direct,direct,review,small_expansion
P3-E5,401-3-B,401-3,3,moderate_expansion,partial_requirement,direct,direct,review,small_expansion
P3-E5,401-3-C,401-3,3,moderate_expansion,partial_requirement,direct,direct,review,small_expansion
P3-E5,401-3-D,401-3,3,moderate_expansion,partial_requirement,direct,direct,review,small_expansion
P3-E5,401-3-E,401-3,3,moderate_expansion,partial_requirement,direct,direct,review,small_expansion
P3-E8,404-2,404-2,1,low_expansion,partial_requirement,direct,direct,review,one_to_one_but_interop_type_uncertain
P3-E8,404-2-A,404-2,1,low_expansion,partial_requirement,direct,direct,review,one_to_one_but_interop_type_uncertain
P3-E9,404-3,404-3,2,moderate_expansion,direct,direct,direct,review,small_expansion
P3-E9,404-3-A,404-3,2,moderate_expansion,direct,direct,direct,review,small_expansion
P3-L4,404-2,404-2,1,low_expansion,partial_requirement,direct,direct,review,one_to_one_but_interop_type_uncertain
P3-L4,404-2-B,404-2,1,low_expansion,partial_requirement,direct,direct,review,one_to_one_but_interop_type_uncertain
P4-L1,2-13,2-13,3,moderate_expansion,direct,direct,direct,review,small_expansion
P5-E2,405-2,405-2,3,moderate_expansion,direct,direct,direct,review,small_expansion
P5-E2,405-2-A,405-2,3,moderate_expansion,direct,direct,direct,review,small_expansion
P5-E3,2-21,2-21,2,moderate_expansion,partial_requirement,direct,direct,review,small_expansion
P5-E3,2-21-A,2-21,2,moderate_expansion,partial_requirement,direct,direct,review,small_expansion
P5-E4,2-13,2-13,3,moderate_expansion,direct,direct,direct,review,small_expansion
P5-E4,2-13-A-I-II,2-13,3,moderate_expansion,direct,direct,direct,review,small_expansion
P5-E6,406-1,406-1,3,moderate_expansion,direct,can_be_covered_by,partial,review,small_expansion
P5-E6,406-1-A,406-1,3,moderate_expansion,direct,can_be_covered_by,partial,review,small_expansion
P6-E1,302-3,302-3,1,low_expansion,direct,direct,direct,review,one_to_one_but_interop_type_uncertain
P6-E1,302-3-A,302-3,1,low_expansion,direct,direct,direct,review,one_to_one_but_interop_type_uncertain
P6-E10,304-1,304-1,1,low_expansion,partial_requirement,direct,direct,review,one_to_one_but_interop_type_uncertain
P6-E10,304-1-A-I-V,304-1,1,low_expansion,partial_requirement,direct,direct,review,one_to_one_but_interop_type_uncertain
P6-E11,413-1,413-1,1,low_expansion,direct,no_direct_linkage,no_direct_linkage,review,one_to_one_but_interop_type_uncertain
P6-E11,413-1-A-II,413-1,1,low_expansion,direct,no_direct_linkage,no_direct_linkage,review,one_to_one_but_interop_type_uncertain
P6-E3,303-3,303-3,1,low_expansion,partial_requirement,direct,direct,review,one_to_one_but_interop_type_uncertain
P6-E3,303-3-A-I-V,303-3,1,low_expansion,partial_requirement,direct,direct,review,one_to_one_but_interop_type_uncertain
P6-E4,303-2-A,303-2,2,moderate_expansion,partial_requirement,can_be_covered_by,partial,review,small_expansion
P6-E6,305-1,305-1,3,moderate_expansion,partial_requirement,direct,direct,review,small_expansion
P6-E6,305-1-B,305-1,3,moderate_expansion,partial_requirement,direct,direct,review,small_expansion
P6-E6,305-2,305-2,2,moderate_expansion,partial_requirement,direct,direct,review,small_expansion
P6-E6,305-2-A,305-2,2,moderate_expansion,partial_requirement,direct,direct,review,small_expansion
P6-E6,305-2-B,305-2,2,moderate_expansion,partial_requirement,direct,direct,review,small_expansion
P6-E6,305-2-C,305-2,2,moderate_expansion,partial_requirement,direct,direct,review,small_expansion
P6-E6,305-4,305-4,2,moderate_expansion,direct,direct,direct,review,small_expansion
P6-E6,305-4-A,305-4,2,moderate_expansion,direct,direct,direct,review,small_expansion
P6-E6,305-4-B,305-4,2,moderate_expansion,direct,direct,direct,review,small_expansion
P6-E6,305-4-C,305-4,2,moderate_expansion,direct,direct,direct,review,small_expansion
P6-E8,306-3,306-3,3,moderate_expansion,broader_topic; direct,direct,direct,review,small_expansion
P6-E8,306-3-A,306-3,3,moderate_expansion,broader_topic; direct,direct,direct,review,small_expansion
P6-E8,306-4-A,306-4,1,low_expansion,partial_requirement,direct,direct,review,one_to_one_but_interop_type_uncertain
P6-E8,306-4-B-I-III,306-4,1,low_expansion,partial_requirement,direct,direct,review,one_to_one_but_interop_type_uncertain
P6-E8,306-4-C-I-III,306-4,1,low_expansion,partial_requirement,direct,direct,review,one_to_one_but_interop_type_uncertain
P6-E8,306-5,306-5,1,low_expansion,partial_requirement,direct,direct,review,one_to_one_but_interop_type_uncertain
P6-E8,306-5-A,306-5,1,low_expansion,partial_requirement,direct,direct,review,one_to_one_but_interop_type_uncertain
P6-E8,306-5-B-I-III,306-5,1,low_expansion,partial_requirement,direct,direct,review,one_to_one_but_interop_type_uncertain
P6-E8,306-5-C-I-IV,306-5,1,low_expansion,partial_requirement,direct,direct,review,one_to_one_but_interop_type_uncertain
P6-L2,303-4,303-4,1,low_expansion,partial_requirement,direct,direct,review,one_to_one_but_interop_type_uncertain
P6-L2,303-4-A-I-IV,303-4,1,low_expansion,partial_requirement,direct,direct,review,one_to_one_but_interop_type_uncertain
P6-L3,303-3,303-3,1,low_expansion,partial_requirement,direct,direct,review,one_to_one_but_interop_type_uncertain
P6-L3,303-3-B-I-IV,303-3,1,low_expansion,partial_requirement,direct,direct,review,one_to_one_but_interop_type_uncertain
P6-L3,303-4,303-4,1,low_expansion,partial_requirement,direct,direct,review,one_to_one_but_interop_type_uncertain
P6-L3,303-4-A-I-II,303-4,1,low_expansion,partial_requirement,direct,direct,review,one_to_one_but_interop_type_uncertain
P6-L4,305-4,305-4,2,moderate_expansion,direct,direct,direct,review,small_expansion
P6-L4,305-4-A,305-4,2,moderate_expansion,direct,direct,direct,review,small_expansion
P6-L4,305-4-B,305-4,2,moderate_expansion,direct,direct,direct,review,small_expansion
P6-L4,305-4-C,305-4,2,moderate_expansion,direct,direct,direct,review,small_expansion
P6-L5,304-3,304-3,2,moderate_expansion,partial_requirement,direct,direct,review,small_expansion
P6-L5,304-3-A,304-3,2,moderate_expansion,partial_requirement,direct,direct,review,small_expansion
P8-E1,413-1-A-I-III,413-1,1,low_expansion,direct,can_be_covered_by,partial,review,one_to_one_but_interop_type_uncertain
P8-E2,413-1,413-1,1,low_expansion,direct,can_be_covered_by,partial,review,one_to_one_but_interop_type_uncertain
P8-E2,413-1-A-IV,413-1,1,low_expansion,direct,can_be_covered_by,partial,review,one_to_one_but_interop_type_uncertain
P8-E3,413-1-A-VIII,413-1,1,low_expansion,direct,direct,direct,review,one_to_one_but_interop_type_uncertain
P8-L1,413-1,413-1,1,low_expansion,direct,direct,direct,review,one_to_one_but_interop_type_uncertain
P8-L1,413-1-A-IV,413-1,1,low_expansion,direct,direct,direct,review,one_to_one_but_interop_type_uncertain
P8-L2,413-1-A-IV,413-1,1,low_expansion,direct,can_be_covered_by,partial,review,one_to_one_but_interop_type_uncertain
P8-L4,201-1-A,201-1,1,low_expansion,partial_requirement,can_be_covered_by,partial,review,one_to_one_but_interop_type_uncertain
P8-L6,413-1-A-IVC,413-1,1,low_expansion,direct,can_be_covered_by,partial,review,one_to_one_but_interop_type_uncertain
P9-E3,418-1,418-1,1,low_expansion,none,direct,direct,review,one_to_one_but_interop_type_uncertain
P9-E3,418-1-A-I-II,418-1,1,low_expansion,none,direct,direct,review,one_to_one_but_interop_type_uncertain
P9-E3,418-1-B,418-1,1,low_expansion,none,direct,direct,review,one_to_one_but_interop_type_uncertain
P9-L5,418-1,418-1,1,low_expansion,none,direct,direct,review,one_to_one_but_interop_type_uncertain
P9-L5,418-1-A,418-1,1,low_expansion,none,direct,direct,review,one_to_one_but_interop_type_uncertain
